,SEASON,DATE,HOME/AWAY,TEAM,PTS,TEAM_OPP,PTS_OPP,WIN/LOSS,FG,FGA,FG_PCT,FG3,FG3A,FG3_PCT,FT,FTA,FT_PCT,ORB,DRB,TRB,AST,STL,BLK,TOV,PF,FG_OPP,FGA_OPP,FG_PCT_OPP,FG3_OPP,FG3A_OPP,FG3_PCT_OPP,FT_OPP,FTA_OPP,FT_PCT_OPP,ORB_OPP,DRB_OPP,TRB_OPP,AST_OPP,STL_OPP,BLK_OPP,TOV_OPP,PF_OPP
0,2022,2022-03-01,AWAY,DET,113,WAS,116,LOSS,43,90,0.478,8,27,0.296,19,23,0.826,14,29,43,23,9,3,12,21,41,82,0.5,13,26,0.5,21,26,0.808,12,30,42,29,6,8,15,22
1,2022,2022-03-01,HOME,WAS,116,DET,113,WIN,41,82,0.5,13,26,0.5,21,26,0.808,12,30,42,29,6,8,15,22,43,90,0.478,8,27,0.296,19,23,0.826,14,29,43,23,9,3,12,21
2,2022,2022-03-01,AWAY,ATL,98,BOS,107,LOSS,36,83,0.434,7,31,0.226,19,24,0.792,5,32,37,15,8,4,9,20,39,83,0.47,11,35,0.314,18,19,0.947,11,36,47,27,4,8,12,20
3,2022,2022-03-01,HOME,BOS,107,ATL,98,WIN,39,83,0.47,11,35,0.314,18,19,0.947,11,36,47,27,4,8,12,20,36,83,0.434,7,31,0.226,19,24,0.792,5,32,37,15,8,4,9,20
4,2022,2022-03-01,AWAY,BRK,108,TOR,109,LOSS,42,84,0.5,10,25,0.4,14,19,0.737,7,30,37,21,3,5,12,21,41,90,0.456,7,23,0.304,20,23,0.87,16,32,48,27,5,2,13,19
5,2022,2022-03-01,HOME,TOR,109,BRK,108,WIN,41,90,0.456,7,23,0.304,20,23,0.87,16,32,48,27,5,2,13,19,42,84,0.5,10,25,0.4,14,19,0.737,7,30,37,21,3,5,12,21
6,2022,2022-03-01,AWAY,LAC,113,HOU,100,WIN,42,96,0.438,13,31,0.419,16,17,0.941,17,38,55,24,7,8,15,19,38,96,0.396,13,39,0.333,11,17,0.647,14,31,45,21,8,6,13,18
7,2022,2022-03-01,HOME,HOU,100,LAC,113,LOSS,38,96,0.396,13,39,0.333,11,17,0.647,14,31,45,21,8,6,13,18,42,96,0.438,13,31,0.419,16,17,0.941,17,38,55,24,7,8,15,19
8,2022,2022-03-01,AWAY,GSW,114,MIN,129,LOSS,41,90,0.456,13,45,0.289,19,22,0.864,8,32,40,26,11,3,17,25,47,89,0.528,16,40,0.4,19,23,0.826,6,36,42,27,10,2,16,20
9,2022,2022-03-01,HOME,MIN,129,GSW,114,WIN,47,89,0.528,16,40,0.4,19,23,0.826,6,36,42,27,10,2,16,20,41,90,0.456,13,45,0.289,19,22,0.864,8,32,40,26,11,3,17,25
10,2022,2022-03-01,AWAY,DAL,109,LAL,104,WIN,41,82,0.5,10,35,0.286,17,27,0.63,10,35,45,24,8,7,13,19,37,82,0.451,14,34,0.412,16,20,0.8,4,33,37,22,8,6,12,20
11,2022,2022-03-01,HOME,LAL,104,DAL,109,LOSS,37,82,0.451,14,34,0.412,16,20,0.8,4,33,37,22,8,6,12,20,41,82,0.5,10,35,0.286,17,27,0.63,10,35,45,24,8,7,13,19
12,2022,2022-03-02,AWAY,CHO,119,CLE,98,WIN,43,85,0.506,17,38,0.447,16,22,0.727,9,36,45,32,10,5,10,21,37,79,0.468,10,31,0.323,14,21,0.667,4,33,37,21,6,1,14,18
13,2022,2022-03-02,HOME,CLE,98,CHO,119,LOSS,37,79,0.468,10,31,0.323,14,21,0.667,4,33,37,21,6,1,14,18,43,85,0.506,17,38,0.447,16,22,0.727,9,36,45,32,10,5,10,21
14,2022,2022-03-02,AWAY,IND,122,ORL,114,WIN,41,94,0.436,12,37,0.324,28,35,0.8,14,40,54,23,12,7,18,19,44,97,0.454,10,32,0.313,16,20,0.8,12,40,52,22,12,5,18,28
15,2022,2022-03-02,HOME,ORL,114,IND,122,LOSS,44,97,0.454,10,32,0.313,16,20,0.8,12,40,52,22,12,5,18,28,41,94,0.436,12,37,0.324,28,35,0.8,14,40,54,23,12,7,18,19
16,2022,2022-03-02,AWAY,NYK,108,PHI,123,LOSS,39,91,0.429,8,28,0.286,22,32,0.688,10,30,40,20,9,3,7,25,39,75,0.52,17,36,0.472,28,33,0.848,5,38,43,24,2,8,14,25
17,2022,2022-03-02,HOME,PHI,123,NYK,108,WIN,39,75,0.52,17,36,0.472,28,33,0.848,5,38,43,24,2,8,14,25,39,91,0.429,8,28,0.286,22,32,0.688,10,30,40,20,9,3,7,25
18,2022,2022-03-02,AWAY,UTA,132,HOU,127,WIN,50,91,0.549,15,42,0.357,17,24,0.708,11,38,49,32,12,2,19,24,43,86,0.5,21,51,0.412,20,30,0.667,5,29,34,27,12,3,16,25
19,2022,2022-03-02,HOME,HOU,127,UTA,132,LOSS,43,86,0.5,21,51,0.412,20,30,0.667,5,29,34,27,12,3,16,25,50,91,0.549,15,42,0.357,17,24,0.708,11,38,49,32,12,2,19,24
20,2022,2022-03-02,AWAY,MIA,119,MIL,120,LOSS,44,97,0.454,21,44,0.477,10,12,0.833,9,39,48,28,9,4,10,22,41,91,0.451,14,36,0.389,24,27,0.889,11,41,52,22,7,3,12,16
21,2022,2022-03-02,HOME,MIL,120,MIA,119,WIN,41,91,0.451,14,36,0.389,24,27,0.889,11,41,52,22,7,3,12,16,44,97,0.454,21,44,0.477,10,12,0.833,9,39,48,28,9,4,10,22
22,2022,2022-03-02,AWAY,SAC,95,NOP,125,LOSS,35,89,0.393,8,35,0.229,17,25,0.68,12,26,38,20,9,4,11,19,52,88,0.591,11,29,0.379,10,12,0.833,7,43,50,30,5,5,15,23
23,2022,2022-03-02,HOME,NOP,125,SAC,95,WIN,52,88,0.591,11,29,0.379,10,12,0.833,7,43,50,30,5,5,15,23,35,89,0.393,8,35,0.229,17,25,0.68,12,26,38,20,9,4,11,19
24,2022,2022-03-02,AWAY,OKC,119,DEN,107,WIN,44,87,0.506,16,29,0.552,15,21,0.714,9,41,50,24,11,6,14,15,40,90,0.444,12,46,0.261,15,17,0.882,10,37,47,25,11,2,16,19
25,2022,2022-03-02,HOME,DEN,107,OKC,119,LOSS,40,90,0.444,12,46,0.261,15,17,0.882,10,37,47,25,11,2,16,19,44,87,0.506,16,29,0.552,15,21,0.714,9,41,50,24,11,6,14,15
26,2022,2022-03-02,AWAY,POR,90,PHO,120,LOSS,30,78,0.385,11,31,0.355,19,25,0.76,5,30,35,22,10,2,18,23,40,80,0.5,14,36,0.389,26,31,0.839,7,39,46,32,14,6,14,21
27,2022,2022-03-02,HOME,PHO,120,POR,90,WIN,40,80,0.5,14,36,0.389,26,31,0.839,7,39,46,32,14,6,14,21,30,78,0.385,11,31,0.355,19,25,0.76,5,30,35,22,10,2,18,23
28,2022,2022-03-03,AWAY,CHI,124,ATL,130,LOSS,52,88,0.591,14,26,0.538,6,7,0.857,5,27,32,30,5,2,13,19,44,84,0.524,18,40,0.45,24,28,0.857,8,25,33,26,7,3,5,15
29,2022,2022-03-03,HOME,ATL,130,CHI,124,WIN,44,84,0.524,18,40,0.45,24,28,0.857,8,25,33,26,7,3,5,15,52,88,0.591,14,26,0.538,6,7,0.857,5,27,32,30,5,2,13,19
30,2022,2022-03-03,AWAY,MEM,107,BOS,120,LOSS,42,99,0.424,13,40,0.325,10,13,0.769,17,27,44,24,10,4,7,16,46,89,0.517,16,37,0.432,12,15,0.8,15,36,51,33,4,7,14,15
31,2022,2022-03-03,HOME,BOS,120,MEM,107,WIN,46,89,0.517,16,37,0.432,12,15,0.8,15,36,51,33,4,7,14,15,42,99,0.424,13,40,0.325,10,13,0.769,17,27,44,24,10,4,7,16
32,2022,2022-03-03,AWAY,MIA,113,BRK,107,WIN,40,77,0.519,10,30,0.333,23,28,0.821,5,30,35,27,8,6,13,22,39,83,0.47,12,31,0.387,17,22,0.773,7,23,30,24,5,5,13,24
33,2022,2022-03-03,HOME,BRK,107,MIA,113,LOSS,39,83,0.47,12,31,0.387,17,22,0.773,7,23,30,24,5,5,13,24,40,77,0.519,10,30,0.333,23,28,0.821,5,30,35,27,8,6,13,22
34,2022,2022-03-03,AWAY,DET,108,TOR,106,WIN,38,84,0.452,11,37,0.297,21,28,0.75,11,31,42,25,4,5,9,29,36,83,0.434,7,26,0.269,27,36,0.75,14,27,41,12,5,4,10,22
35,2022,2022-03-03,HOME,TOR,106,DET,108,LOSS,36,83,0.434,7,26,0.269,27,36,0.75,14,27,41,12,5,4,10,22,38,84,0.452,11,37,0.297,21,28,0.75,11,31,42,25,4,5,9,29
36,2022,2022-03-03,AWAY,GSW,113,DAL,122,LOSS,44,81,0.543,15,30,0.5,10,13,0.769,10,27,37,26,7,5,15,19,45,85,0.529,17,37,0.459,15,20,0.75,8,24,32,29,7,1,9,16
37,2022,2022-03-03,HOME,DAL,122,GSW,113,WIN,45,85,0.529,17,37,0.459,15,20,0.75,8,24,32,29,7,1,9,16,44,81,0.543,15,30,0.5,10,13,0.769,10,27,37,26,7,5,15,19
38,2022,2022-03-03,AWAY,SAC,115,SAS,112,WIN,39,85,0.459,10,32,0.313,27,32,0.844,9,40,49,26,6,2,13,13,46,93,0.495,12,32,0.375,8,16,0.5,6,34,40,28,8,5,11,24
39,2022,2022-03-03,HOME,SAS,112,SAC,115,LOSS,46,93,0.495,12,32,0.375,8,16,0.5,6,34,40,28,8,5,11,24,39,85,0.459,10,32,0.313,27,32,0.844,9,40,49,26,6,2,13,13
40,2022,2022-03-03,AWAY,LAL,111,LAC,132,LOSS,41,84,0.488,12,35,0.343,17,22,0.773,9,27,36,26,8,4,14,17,51,93,0.548,17,27,0.63,13,15,0.867,13,33,46,32,10,3,10,22
41,2022,2022-03-03,HOME,LAC,132,LAL,111,WIN,51,93,0.548,17,27,0.63,13,15,0.867,13,33,46,32,10,3,10,22,41,84,0.488,12,35,0.343,17,22,0.773,9,27,36,26,8,4,14,17
42,2022,2022-03-04,AWAY,IND,106,DET,111,LOSS,39,100,0.39,10,40,0.25,18,28,0.643,21,34,55,24,4,9,12,16,42,94,0.447,15,30,0.5,12,18,0.667,19,33,52,28,5,9,13,22
43,2022,2022-03-04,HOME,DET,111,IND,106,WIN,42,94,0.447,15,30,0.5,12,18,0.667,19,33,52,28,5,9,13,22,39,100,0.39,10,40,0.25,18,28,0.643,21,34,55,24,4,9,12,16
44,2022,2022-03-04,AWAY,CLE,119,PHI,125,LOSS,44,82,0.537,10,28,0.357,21,24,0.875,10,31,41,30,5,4,12,22,41,75,0.547,14,33,0.424,29,32,0.906,3,27,30,23,8,3,11,24
45,2022,2022-03-04,HOME,PHI,125,CLE,119,WIN,41,75,0.547,14,33,0.424,29,32,0.906,3,27,30,23,8,3,11,24,44,82,0.537,10,28,0.357,21,24,0.875,10,31,41,30,5,4,12,22
46,2022,2022-03-04,AWAY,ATL,117,WAS,114,WIN,38,91,0.418,13,36,0.361,28,34,0.824,13,26,39,18,6,5,4,16,46,85,0.541,14,29,0.483,8,9,0.889,7,34,41,37,2,7,14,29
47,2022,2022-03-04,HOME,WAS,114,ATL,117,LOSS,46,85,0.541,14,29,0.483,8,9,0.889,7,34,41,37,2,7,14,29,38,91,0.418,13,36,0.361,28,34,0.824,13,26,39,18,6,5,4,16
48,2022,2022-03-04,AWAY,MIL,118,CHI,112,WIN,43,88,0.489,10,31,0.323,22,33,0.667,12,38,50,20,5,5,13,18,47,94,0.5,10,26,0.385,8,11,0.727,5,35,40,25,5,2,12,23
49,2022,2022-03-04,HOME,CHI,112,MIL,118,LOSS,47,94,0.5,10,26,0.385,8,11,0.727,5,35,40,25,5,2,12,23,43,88,0.489,10,31,0.323,22,33,0.667,12,38,50,20,5,5,13,18
50,2022,2022-03-04,AWAY,ORL,103,TOR,97,WIN,36,95,0.379,11,37,0.297,20,21,0.952,12,43,55,24,5,4,8,18,37,93,0.398,12,37,0.324,11,17,0.647,12,42,54,22,2,8,12,18
51,2022,2022-03-04,HOME,TOR,97,ORL,103,LOSS,37,93,0.398,12,37,0.324,11,17,0.647,12,42,54,22,2,8,12,18,36,95,0.379,11,37,0.297,20,21,0.952,12,43,55,24,5,4,8,18
52,2022,2022-03-04,AWAY,UTA,90,NOP,124,LOSS,31,89,0.348,11,41,0.268,17,26,0.654,22,30,52,15,7,2,20,14,50,97,0.515,11,36,0.306,13,17,0.765,15,37,52,29,11,5,10,23
53,2022,2022-03-04,HOME,NOP,124,UTA,90,WIN,50,97,0.515,11,36,0.306,13,17,0.765,15,37,52,29,11,5,10,23,31,89,0.348,11,41,0.268,17,26,0.654,22,30,52,15,7,2,20,14
54,2022,2022-03-04,AWAY,MIN,138,OKC,101,WIN,49,91,0.538,22,47,0.468,18,23,0.783,7,34,41,35,17,7,17,17,37,86,0.43,9,35,0.257,18,21,0.857,8,31,39,19,12,4,23,16
55,2022,2022-03-04,HOME,OKC,101,MIN,138,LOSS,37,86,0.43,9,35,0.257,18,21,0.857,8,31,39,19,12,4,23,16,49,91,0.538,22,47,0.468,18,23,0.783,7,34,41,35,17,7,17,17
56,2022,2022-03-04,AWAY,HOU,101,DEN,116,LOSS,38,83,0.458,10,36,0.278,15,22,0.682,9,35,44,25,4,3,14,21,39,86,0.453,13,33,0.394,25,31,0.806,10,31,41,27,10,4,10,21
57,2022,2022-03-04,HOME,DEN,116,HOU,101,WIN,39,86,0.453,13,33,0.394,25,31,0.806,10,31,41,27,10,4,10,21,38,83,0.458,10,36,0.278,15,22,0.682,9,35,44,25,4,3,14,21
58,2022,2022-03-04,AWAY,NYK,114,PHO,115,LOSS,40,86,0.465,13,29,0.448,21,30,0.7,12,37,49,23,7,5,12,22,38,85,0.447,17,34,0.5,22,27,0.815,3,30,33,28,7,3,9,22
59,2022,2022-03-04,HOME,PHO,115,NYK,114,WIN,38,85,0.447,17,34,0.5,22,27,0.815,3,30,33,28,7,3,9,22,40,86,0.465,13,29,0.448,21,30,0.7,12,37,49,23,7,5,12,22
60,2022,2022-03-05,AWAY,SAC,113,DAL,114,LOSS,46,94,0.489,9,25,0.36,12,18,0.667,10,35,45,24,5,1,14,28,40,84,0.476,14,36,0.389,20,27,0.741,10,29,39,22,7,2,10,22
61,2022,2022-03-05,HOME,DAL,114,SAC,113,WIN,40,84,0.476,14,36,0.389,20,27,0.741,10,29,39,22,7,2,10,22,46,94,0.489,9,25,0.36,12,18,0.667,10,35,45,24,5,1,14,28
62,2022,2022-03-05,AWAY,SAS,117,CHO,123,LOSS,45,98,0.459,11,37,0.297,16,20,0.8,13,38,51,28,7,6,10,18,42,91,0.462,16,42,0.381,23,29,0.793,11,39,50,29,8,5,9,16
63,2022,2022-03-05,HOME,CHO,123,SAS,117,WIN,42,91,0.462,16,42,0.381,23,29,0.793,11,39,50,29,8,5,9,16,45,98,0.459,11,37,0.297,16,20,0.8,13,38,51,28,7,6,10,18
64,2022,2022-03-05,AWAY,ORL,96,MEM,124,LOSS,37,86,0.43,11,35,0.314,11,16,0.688,1,40,41,25,7,5,12,20,46,92,0.5,14,34,0.412,18,27,0.667,6,49,55,25,7,4,7,14
65,2022,2022-03-05,HOME,MEM,124,ORL,96,WIN,46,92,0.5,14,34,0.412,18,27,0.667,6,49,55,25,7,4,7,14,37,86,0.43,11,35,0.314,11,16,0.688,1,40,41,25,7,5,12,20
66,2022,2022-03-05,AWAY,PHI,82,MIA,99,LOSS,28,82,0.341,7,41,0.171,19,23,0.826,13,28,41,13,9,4,9,17,35,72,0.486,13,28,0.464,16,19,0.842,6,32,38,20,6,3,13,19
67,2022,2022-03-05,HOME,MIA,99,PHI,82,WIN,35,72,0.486,13,28,0.464,16,19,0.842,6,32,38,20,6,3,13,19,28,82,0.341,7,41,0.171,19,23,0.826,13,28,41,13,9,4,9,17
68,2022,2022-03-05,AWAY,POR,121,MIN,135,LOSS,40,85,0.471,16,38,0.421,25,30,0.833,11,30,41,24,5,1,15,23,48,85,0.565,15,37,0.405,24,29,0.828,9,33,42,36,10,7,11,21
69,2022,2022-03-05,HOME,MIN,135,POR,121,WIN,48,85,0.565,15,37,0.405,24,29,0.828,9,33,42,36,10,7,11,21,40,85,0.471,16,38,0.421,25,30,0.833,11,30,41,24,5,1,15,23
70,2022,2022-03-05,AWAY,GSW,116,LAL,124,LOSS,46,92,0.5,15,34,0.441,9,19,0.474,10,31,41,22,11,4,16,20,44,89,0.494,18,41,0.439,18,21,0.857,12,35,47,25,10,6,17,18
71,2022,2022-03-05,HOME,LAL,124,GSW,116,WIN,44,89,0.494,18,41,0.439,18,21,0.857,12,35,47,25,10,6,17,18,46,92,0.5,15,34,0.441,9,19,0.474,10,31,41,22,11,4,16,20
72,2022,2022-03-06,AWAY,BRK,120,BOS,126,LOSS,45,89,0.506,12,27,0.444,18,20,0.9,12,33,45,24,6,4,15,26,40,83,0.482,17,36,0.472,29,38,0.763,10,27,37,25,9,7,10,19
73,2022,2022-03-06,HOME,BOS,126,BRK,120,WIN,40,83,0.482,17,36,0.472,29,38,0.763,10,27,37,25,9,7,10,19,45,89,0.506,12,27,0.444,18,20,0.9,12,33,45,24,6,4,15,26
74,2022,2022-03-06,AWAY,PHO,122,MIL,132,LOSS,50,93,0.538,14,31,0.452,8,11,0.727,6,21,27,33,8,4,11,20,47,87,0.54,15,32,0.469,23,29,0.793,14,34,48,31,9,6,14,19
75,2022,2022-03-06,HOME,MIL,132,PHO,122,WIN,47,87,0.54,15,32,0.469,23,29,0.793,14,34,48,31,9,6,14,19,50,93,0.538,14,31,0.452,8,11,0.727,6,21,27,33,8,4,11,20
76,2022,2022-03-06,AWAY,IND,123,WAS,133,LOSS,44,85,0.518,10,31,0.323,25,29,0.862,7,35,42,28,3,5,10,22,45,86,0.523,17,42,0.405,26,32,0.813,5,31,36,33,6,4,5,16
77,2022,2022-03-06,HOME,WAS,133,IND,123,WIN,45,86,0.523,17,42,0.405,26,32,0.813,5,31,36,33,6,4,5,16,44,85,0.518,10,31,0.323,25,29,0.862,7,35,42,28,3,5,10,22
78,2022,2022-03-06,AWAY,MEM,112,HOU,123,LOSS,44,97,0.454,5,26,0.192,19,27,0.704,12,28,40,27,12,8,11,27,43,82,0.524,13,34,0.382,24,36,0.667,8,37,45,23,4,5,17,22
79,2022,2022-03-06,HOME,HOU,123,MEM,112,WIN,43,82,0.524,13,34,0.382,24,36,0.667,8,37,45,23,4,5,17,22,44,97,0.454,5,26,0.192,19,27,0.704,12,28,40,27,12,8,11,27
80,2022,2022-03-06,AWAY,UTA,116,OKC,103,WIN,40,89,0.449,23,52,0.442,13,17,0.765,11,37,48,27,4,4,11,21,39,92,0.424,8,40,0.2,17,19,0.895,11,36,47,20,11,9,7,19
81,2022,2022-03-06,HOME,OKC,103,UTA,116,LOSS,39,92,0.424,8,40,0.2,17,19,0.895,11,36,47,20,11,9,7,19,40,89,0.449,23,52,0.442,13,17,0.765,11,37,48,27,4,4,11,21
82,2022,2022-03-06,AWAY,TOR,96,CLE,104,LOSS,37,94,0.394,6,24,0.25,16,26,0.615,14,31,45,17,13,3,7,20,39,85,0.459,11,36,0.306,15,23,0.652,15,43,58,24,5,7,17,22
83,2022,2022-03-06,HOME,CLE,104,TOR,96,WIN,39,85,0.459,11,36,0.306,15,23,0.652,15,43,58,24,5,7,17,22,37,94,0.394,6,24,0.25,16,26,0.615,14,31,45,17,13,3,7,20
84,2022,2022-03-06,AWAY,NOP,130,DEN,138,LOSS,48,101,0.475,14,33,0.424,20,29,0.69,14,35,49,30,9,4,14,30,47,87,0.54,10,33,0.303,34,43,0.791,10,37,47,32,7,8,15,26
85,2022,2022-03-06,HOME,DEN,138,NOP,130,WIN,47,87,0.54,10,33,0.303,34,43,0.791,10,37,47,32,7,8,15,26,48,101,0.475,14,33,0.424,20,29,0.69,14,35,49,30,9,4,14,30
86,2022,2022-03-06,AWAY,NYK,116,LAC,93,WIN,42,89,0.472,13,29,0.448,19,30,0.633,15,42,57,19,4,5,10,18,33,88,0.375,11,34,0.324,16,22,0.727,9,34,43,17,2,5,10,23
87,2022,2022-03-06,HOME,LAC,93,NYK,116,LOSS,33,88,0.375,11,34,0.324,16,22,0.727,9,34,43,17,2,5,10,23,42,89,0.472,13,29,0.448,19,30,0.633,15,42,57,19,4,5,10,18
88,2022,2022-03-07,AWAY,ATL,110,DET,113,LOSS,42,93,0.452,11,38,0.289,15,22,0.682,13,35,48,28,3,6,13,25,43,93,0.462,12,33,0.364,15,23,0.652,15,32,47,27,7,2,12,27
89,2022,2022-03-07,HOME,DET,113,ATL,110,WIN,43,93,0.462,12,33,0.364,15,23,0.652,15,32,47,27,7,2,12,27,42,93,0.452,11,38,0.289,15,22,0.682,13,35,48,28,3,6,13,25
90,2022,2022-03-07,AWAY,CHI,106,PHI,121,LOSS,39,87,0.448,8,24,0.333,20,26,0.769,14,34,48,22,5,4,13,24,41,84,0.488,12,30,0.4,27,34,0.794,8,30,38,29,5,5,9,19
91,2022,2022-03-07,HOME,PHI,121,CHI,106,WIN,41,84,0.488,12,30,0.4,27,34,0.794,8,30,38,29,5,5,9,19,39,87,0.448,8,24,0.333,20,26,0.769,14,34,48,22,5,4,13,24
92,2022,2022-03-07,AWAY,HOU,106,MIA,123,LOSS,39,88,0.443,13,43,0.302,15,22,0.682,9,24,33,22,8,7,10,24,49,91,0.538,14,31,0.452,11,14,0.786,13,37,50,26,3,4,15,17
93,2022,2022-03-07,HOME,MIA,123,HOU,106,WIN,49,91,0.538,14,31,0.452,11,14,0.786,13,37,50,26,3,4,15,17,39,88,0.443,13,43,0.302,15,22,0.682,9,24,33,22,8,7,10,24
94,2022,2022-03-07,AWAY,POR,81,MIN,124,LOSS,23,83,0.277,7,28,0.25,28,38,0.737,8,34,42,11,10,5,17,30,38,92,0.413,13,43,0.302,35,44,0.795,19,48,67,21,10,9,20,25
95,2022,2022-03-07,HOME,MIN,124,POR,81,WIN,38,92,0.413,13,43,0.302,35,44,0.795,19,48,67,21,10,9,20,25,23,83,0.277,7,28,0.25,28,38,0.737,8,34,42,11,10,5,17,30
96,2022,2022-03-07,AWAY,UTA,103,DAL,111,LOSS,36,83,0.434,12,31,0.387,19,24,0.792,12,33,45,22,5,6,13,20,39,88,0.443,17,46,0.37,16,20,0.8,9,34,43,19,9,5,9,21
97,2022,2022-03-07,HOME,DAL,111,UTA,103,WIN,39,88,0.443,17,46,0.37,16,20,0.8,9,34,43,19,9,5,9,21,36,83,0.434,12,31,0.387,19,24,0.792,12,33,45,22,5,6,13,20
98,2022,2022-03-07,AWAY,LAL,110,SAS,117,LOSS,43,91,0.473,8,26,0.308,16,23,0.696,12,31,43,19,7,3,15,26,46,84,0.548,9,26,0.346,16,30,0.533,12,35,47,28,6,7,16,18
99,2022,2022-03-07,HOME,SAS,117,LAL,110,WIN,46,84,0.548,9,26,0.346,16,30,0.533,12,35,47,28,6,7,16,18,43,91,0.473,8,26,0.308,16,23,0.696,12,31,43,19,7,3,15,26
100,2022,2022-03-07,AWAY,GSW,124,DEN,131,LOSS,45,88,0.511,17,40,0.425,17,23,0.739,9,32,41,29,5,0,14,30,46,84,0.548,10,32,0.313,29,41,0.707,7,34,41,39,8,5,9,25
101,2022,2022-03-07,HOME,DEN,131,GSW,124,WIN,46,84,0.548,10,32,0.313,29,41,0.707,7,34,41,39,8,5,9,25,45,88,0.511,17,40,0.425,17,23,0.739,9,32,41,29,5,0,14,30
102,2022,2022-03-07,AWAY,NYK,131,SAC,115,WIN,47,92,0.511,18,42,0.429,19,23,0.826,9,38,47,19,7,6,8,31,39,80,0.488,11,32,0.344,26,36,0.722,4,36,40,23,4,2,11,16
103,2022,2022-03-07,HOME,SAC,115,NYK,131,LOSS,39,80,0.488,11,32,0.344,26,36,0.722,4,36,40,23,4,2,11,16,47,92,0.511,18,42,0.429,19,23,0.826,9,38,47,19,7,6,8,31
104,2022,2022-03-08,AWAY,BRK,132,CHO,121,WIN,46,82,0.561,18,35,0.514,22,29,0.759,6,32,38,33,8,4,16,20,45,92,0.489,13,41,0.317,18,22,0.818,10,31,41,26,12,3,15,24
105,2022,2022-03-08,HOME,CHO,121,BRK,132,LOSS,45,92,0.489,13,41,0.317,18,22,0.818,10,31,41,26,12,3,15,24,46,82,0.561,18,35,0.514,22,29,0.759,6,32,38,33,8,4,16,20
106,2022,2022-03-08,AWAY,CLE,127,IND,124,WIN,47,94,0.5,9,32,0.281,24,27,0.889,14,26,40,25,13,6,8,16,49,91,0.538,16,32,0.5,10,15,0.667,11,27,38,35,6,7,17,20
107,2022,2022-03-08,HOME,IND,124,CLE,127,LOSS,49,91,0.538,16,32,0.5,10,15,0.667,11,27,38,35,6,7,17,20,47,94,0.5,9,32,0.281,24,27,0.889,14,26,40,25,13,6,8,16
108,2022,2022-03-08,AWAY,PHO,102,ORL,99,WIN,35,92,0.38,13,37,0.351,19,23,0.826,7,45,52,24,7,6,10,20,35,92,0.38,7,39,0.179,22,25,0.88,8,45,53,17,6,2,11,20
109,2022,2022-03-08,HOME,ORL,99,PHO,102,LOSS,35,92,0.38,7,39,0.179,22,25,0.88,8,45,53,17,6,2,11,20,35,92,0.38,13,37,0.351,19,23,0.826,7,45,52,24,7,6,10,20
110,2022,2022-03-08,AWAY,NOP,111,MEM,132,LOSS,41,88,0.466,11,34,0.324,18,27,0.667,12,33,45,24,9,3,14,18,48,101,0.475,16,44,0.364,20,24,0.833,15,37,52,30,8,6,11,20
111,2022,2022-03-08,HOME,MEM,132,NOP,111,WIN,48,101,0.475,16,44,0.364,20,24,0.833,15,37,52,30,8,6,11,20,41,88,0.466,11,34,0.324,18,27,0.667,12,33,45,24,9,3,14,18
112,2022,2022-03-08,AWAY,MIL,142,OKC,115,WIN,53,100,0.53,20,40,0.5,16,20,0.8,16,37,53,35,10,4,13,18,42,84,0.5,16,39,0.41,15,21,0.714,6,30,36,26,6,5,15,20
113,2022,2022-03-08,HOME,OKC,115,MIL,142,LOSS,42,84,0.5,16,39,0.41,15,21,0.714,6,30,36,26,6,5,15,20,53,100,0.53,20,40,0.5,16,20,0.8,16,37,53,35,10,4,13,18
114,2022,2022-03-08,AWAY,LAC,97,GSW,112,LOSS,33,93,0.355,12,39,0.308,19,23,0.826,12,35,47,23,12,3,13,12,44,92,0.478,13,34,0.382,11,13,0.846,10,41,51,33,8,6,16,20
115,2022,2022-03-08,HOME,GSW,112,LAC,97,WIN,44,92,0.478,13,34,0.382,11,13,0.846,10,41,51,33,8,6,16,20,33,93,0.355,12,39,0.308,19,23,0.826,12,35,47,23,12,3,13,12
116,2022,2022-03-09,AWAY,BOS,115,CHO,101,WIN,46,93,0.495,12,37,0.324,11,14,0.786,16,31,47,30,10,8,11,20,36,85,0.424,8,33,0.242,21,28,0.75,15,31,46,18,8,7,16,15
117,2022,2022-03-09,HOME,CHO,101,BOS,115,LOSS,36,85,0.424,8,33,0.242,21,28,0.75,15,31,46,18,8,7,16,15,46,93,0.495,12,37,0.324,11,14,0.786,16,31,47,30,10,8,11,20
118,2022,2022-03-09,AWAY,CHI,114,DET,108,WIN,40,76,0.526,3,15,0.2,31,35,0.886,2,31,33,19,13,0,11,15,42,82,0.512,11,31,0.355,13,17,0.765,5,27,32,25,6,3,16,25
119,2022,2022-03-09,HOME,DET,108,CHI,114,LOSS,42,82,0.512,11,31,0.355,13,17,0.765,5,27,32,25,6,3,16,25,40,76,0.526,3,15,0.2,31,35,0.886,2,31,33,19,13,0,11,15
120,2022,2022-03-09,AWAY,PHO,111,MIA,90,WIN,45,99,0.455,11,37,0.297,10,10,1.0,14,41,55,26,8,5,14,18,35,88,0.398,10,33,0.303,10,13,0.769,6,32,38,27,8,5,14,9
121,2022,2022-03-09,HOME,MIA,90,PHO,111,LOSS,35,88,0.398,10,33,0.303,10,13,0.769,6,32,38,27,8,5,14,9,45,99,0.455,11,37,0.297,10,10,1.0,14,41,55,26,8,5,14,18
122,2022,2022-03-09,AWAY,LAL,130,HOU,139,LOSS,47,101,0.465,18,47,0.383,18,26,0.692,12,36,48,25,10,7,16,21,52,102,0.51,17,40,0.425,18,19,0.947,10,40,50,25,7,4,16,21
123,2022,2022-03-09,HOME,HOU,139,LAL,130,WIN,52,102,0.51,17,40,0.425,18,19,0.947,10,40,50,25,7,4,16,21,47,101,0.465,18,47,0.383,18,26,0.692,12,36,48,25,10,7,16,21
124,2022,2022-03-09,AWAY,ATL,115,MIL,124,LOSS,43,86,0.5,11,38,0.289,18,22,0.818,7,37,44,26,6,3,9,20,47,94,0.5,12,35,0.343,18,23,0.783,11,39,50,24,7,2,8,19
125,2022,2022-03-09,HOME,MIL,124,ATL,115,WIN,47,94,0.5,12,35,0.343,18,23,0.783,11,39,50,24,7,2,8,19,43,86,0.5,11,38,0.289,18,22,0.818,7,37,44,26,6,3,9,20
126,2022,2022-03-09,AWAY,OKC,102,MIN,132,LOSS,36,87,0.414,14,43,0.326,16,24,0.667,9,33,42,26,8,0,15,18,45,86,0.523,22,52,0.423,20,26,0.769,6,42,48,34,10,5,14,18
127,2022,2022-03-09,HOME,MIN,132,OKC,102,WIN,45,86,0.523,22,52,0.423,20,26,0.769,6,42,48,34,10,5,14,18,36,87,0.414,14,43,0.326,16,24,0.667,9,33,42,26,8,0,15,18
128,2022,2022-03-09,AWAY,ORL,108,NOP,102,WIN,36,76,0.474,14,37,0.378,22,26,0.846,7,38,45,25,4,1,18,20,41,93,0.441,7,31,0.226,13,18,0.722,10,31,41,23,11,2,11,22
129,2022,2022-03-09,HOME,NOP,102,ORL,108,LOSS,41,93,0.441,7,31,0.226,13,18,0.722,10,31,41,23,11,2,11,22,36,76,0.474,14,37,0.378,22,26,0.846,7,38,45,25,4,1,18,20
130,2022,2022-03-09,AWAY,NYK,107,DAL,77,WIN,36,84,0.429,9,34,0.265,26,33,0.788,14,41,55,20,3,3,10,25,27,86,0.314,6,44,0.136,17,25,0.68,12,25,37,11,3,4,8,24
131,2022,2022-03-09,HOME,DAL,77,NYK,107,LOSS,27,86,0.314,6,44,0.136,17,25,0.68,12,25,37,11,3,4,8,24,36,84,0.429,9,34,0.265,26,33,0.788,14,41,55,20,3,3,10,25
132,2022,2022-03-09,AWAY,TOR,119,SAS,104,WIN,41,85,0.482,11,30,0.367,26,28,0.929,13,34,47,12,7,1,10,23,38,84,0.452,9,32,0.281,19,20,0.95,7,29,36,24,5,4,12,18
133,2022,2022-03-09,HOME,SAS,104,TOR,119,LOSS,38,84,0.452,9,32,0.281,19,20,0.95,7,29,36,24,5,4,12,18,41,85,0.482,11,30,0.367,26,28,0.929,13,34,47,12,7,1,10,23
134,2022,2022-03-09,AWAY,DEN,106,SAC,100,WIN,40,82,0.488,9,35,0.257,17,19,0.895,10,41,51,26,11,3,20,20,38,85,0.447,12,34,0.353,12,18,0.667,8,30,38,24,11,5,16,22
135,2022,2022-03-09,HOME,SAC,100,DEN,106,LOSS,38,85,0.447,12,34,0.353,12,18,0.667,8,30,38,24,11,5,16,22,40,82,0.488,9,35,0.257,17,19,0.895,10,41,51,26,11,3,20,20
136,2022,2022-03-09,AWAY,POR,85,UTA,123,LOSS,29,89,0.326,9,36,0.25,18,22,0.818,9,27,36,19,4,2,9,23,42,81,0.519,17,46,0.37,22,27,0.815,6,44,50,31,3,5,9,23
137,2022,2022-03-09,HOME,UTA,123,POR,85,WIN,42,81,0.519,17,46,0.37,22,27,0.815,6,44,50,31,3,5,9,23,29,89,0.326,9,36,0.25,18,22,0.818,9,27,36,19,4,2,9,23
138,2022,2022-03-09,AWAY,WAS,109,LAC,115,LOSS,41,87,0.471,10,27,0.37,17,20,0.85,9,32,41,26,10,3,12,13,43,86,0.5,16,32,0.5,13,13,1.0,7,34,41,21,6,10,12,15
139,2022,2022-03-09,HOME,LAC,115,WAS,109,WIN,43,86,0.5,16,32,0.5,13,13,1.0,7,34,41,21,6,10,12,15,41,87,0.471,10,27,0.37,17,20,0.85,9,32,41,26,10,3,12,13
140,2022,2022-03-10,AWAY,BRK,129,PHI,100,WIN,51,91,0.56,18,40,0.45,9,17,0.529,10,35,45,29,13,15,11,22,30,93,0.323,14,36,0.389,26,30,0.867,17,33,50,19,5,5,18,19
141,2022,2022-03-10,HOME,PHI,100,BRK,129,LOSS,30,93,0.323,14,36,0.389,26,30,0.867,17,33,50,19,5,5,18,19,51,91,0.56,18,40,0.45,9,17,0.529,10,35,45,29,13,15,11,22
142,2022,2022-03-10,AWAY,GSW,113,DEN,102,WIN,42,88,0.477,14,42,0.333,15,20,0.75,8,28,36,26,9,4,7,25,35,84,0.417,7,31,0.226,25,32,0.781,12,37,49,19,5,6,11,20
143,2022,2022-03-10,HOME,DEN,102,GSW,113,LOSS,35,84,0.417,7,31,0.226,25,32,0.781,12,37,49,19,5,6,11,20,42,88,0.477,14,42,0.333,15,20,0.75,8,28,36,26,9,4,7,25
144,2022,2022-03-11,AWAY,MIN,110,ORL,118,LOSS,41,90,0.456,15,45,0.333,13,13,1.0,5,32,37,24,8,5,9,24,40,86,0.465,16,40,0.4,22,25,0.88,10,39,49,31,4,3,12,11
145,2022,2022-03-11,HOME,ORL,118,MIN,110,WIN,40,86,0.465,16,40,0.4,22,25,0.88,10,39,49,31,4,3,12,11,41,90,0.456,15,45,0.333,13,13,1.0,5,32,37,24,8,5,9,24
146,2022,2022-03-11,AWAY,LAC,106,ATL,112,LOSS,40,82,0.488,12,32,0.375,14,17,0.824,6,30,36,22,7,3,12,20,43,90,0.478,9,31,0.29,17,19,0.895,15,32,47,28,5,3,10,19
147,2022,2022-03-11,HOME,ATL,112,LAC,106,WIN,43,90,0.478,9,31,0.29,17,19,0.895,15,32,47,28,5,3,10,19,40,82,0.488,12,32,0.375,14,17,0.824,6,30,36,22,7,3,12,20
148,2022,2022-03-11,AWAY,DET,103,BOS,114,LOSS,35,83,0.422,10,34,0.294,23,24,0.958,11,31,42,21,4,4,14,22,42,90,0.467,6,32,0.188,24,30,0.8,13,34,47,23,10,3,9,19
149,2022,2022-03-11,HOME,BOS,114,DET,103,WIN,42,90,0.467,6,32,0.188,24,30,0.8,13,34,47,23,10,3,9,19,35,83,0.422,10,34,0.294,23,24,0.958,11,31,42,21,4,4,14,22
150,2022,2022-03-11,AWAY,DAL,113,HOU,100,WIN,40,88,0.455,11,36,0.306,22,28,0.786,12,35,47,20,6,8,13,21,41,86,0.477,6,30,0.2,12,19,0.632,5,34,39,29,9,3,11,23
151,2022,2022-03-11,HOME,HOU,100,DAL,113,LOSS,41,86,0.477,6,30,0.2,12,19,0.632,5,34,39,29,9,3,11,23,40,88,0.455,11,36,0.306,22,28,0.786,12,35,47,20,6,8,13,21
152,2022,2022-03-11,AWAY,NYK,114,MEM,118,LOSS,38,90,0.422,10,25,0.4,28,37,0.757,15,39,54,23,8,6,16,31,46,104,0.442,9,26,0.346,17,29,0.586,19,35,54,23,8,16,10,27
153,2022,2022-03-11,HOME,MEM,118,NYK,114,WIN,46,104,0.442,9,26,0.346,17,29,0.586,19,35,54,23,8,16,10,27,38,90,0.422,10,25,0.4,28,37,0.757,15,39,54,23,8,6,16,31
154,2022,2022-03-11,AWAY,CLE,105,MIA,117,LOSS,35,79,0.443,8,25,0.32,27,29,0.931,7,33,40,25,5,2,17,23,41,86,0.477,11,35,0.314,24,27,0.889,8,34,42,28,9,6,9,26
155,2022,2022-03-11,HOME,MIA,117,CLE,105,WIN,41,86,0.477,11,35,0.314,24,27,0.889,8,34,42,28,9,6,9,26,35,79,0.443,8,25,0.32,27,29,0.931,7,33,40,25,5,2,17,23
156,2022,2022-03-11,AWAY,CHO,142,NOP,120,WIN,52,87,0.598,22,47,0.468,16,20,0.8,6,32,38,41,11,1,14,23,43,86,0.5,15,39,0.385,19,25,0.76,13,27,40,31,9,2,17,21
157,2022,2022-03-11,HOME,NOP,120,CHO,142,LOSS,43,86,0.5,15,39,0.385,19,25,0.76,13,27,40,31,9,2,17,21,52,87,0.598,22,47,0.468,16,20,0.8,6,32,38,41,11,1,14,23
158,2022,2022-03-11,AWAY,UTA,102,SAS,104,LOSS,37,92,0.402,13,40,0.325,15,23,0.652,16,41,57,20,10,8,17,26,34,85,0.4,6,29,0.207,30,43,0.698,14,40,54,15,8,6,13,20
159,2022,2022-03-11,HOME,SAS,104,UTA,102,WIN,34,85,0.4,6,29,0.207,30,43,0.698,14,40,54,15,8,6,13,20,37,92,0.402,13,40,0.325,15,23,0.652,16,41,57,20,10,8,17,26
160,2022,2022-03-11,AWAY,TOR,117,PHO,112,WIN,42,94,0.447,14,32,0.438,19,21,0.905,12,36,48,19,11,4,15,19,44,88,0.5,11,36,0.306,13,17,0.765,5,35,40,27,7,8,16,23
161,2022,2022-03-11,HOME,PHO,112,TOR,117,LOSS,44,88,0.5,11,36,0.306,13,17,0.765,5,35,40,27,7,8,16,23,42,94,0.447,14,32,0.438,19,21,0.905,12,36,48,19,11,4,15,19
162,2022,2022-03-11,AWAY,WAS,109,LAL,122,LOSS,39,85,0.459,9,27,0.333,22,33,0.667,14,33,47,21,6,6,10,18,48,91,0.527,14,31,0.452,12,17,0.706,7,30,37,25,5,3,7,25
163,2022,2022-03-11,HOME,LAL,122,WAS,109,WIN,48,91,0.527,14,31,0.452,12,17,0.706,7,30,37,25,5,3,7,25,39,85,0.459,9,27,0.333,22,33,0.667,14,33,47,21,6,6,10,18
164,2022,2022-03-12,AWAY,CLE,91,CHI,101,LOSS,36,86,0.419,5,24,0.208,14,17,0.824,5,35,40,19,7,4,14,19,39,88,0.443,9,21,0.429,14,15,0.933,8,38,46,20,12,5,12,18
165,2022,2022-03-12,HOME,CHI,101,CLE,91,WIN,39,88,0.443,9,21,0.429,14,15,0.933,8,38,46,20,12,5,12,18,36,86,0.419,5,24,0.208,14,17,0.824,5,35,40,19,7,4,14,19
166,2022,2022-03-12,AWAY,MIN,113,MIA,104,WIN,35,83,0.422,15,42,0.357,28,32,0.875,6,40,46,21,12,5,14,19,35,88,0.398,15,45,0.333,19,25,0.76,11,42,53,23,7,1,18,24
167,2022,2022-03-12,HOME,MIA,104,MIN,113,LOSS,35,88,0.398,15,45,0.333,19,25,0.76,11,42,53,23,7,1,18,24,35,83,0.422,15,42,0.357,28,32,0.875,6,40,46,21,12,5,14,19
168,2022,2022-03-12,AWAY,IND,119,SAS,108,WIN,45,92,0.489,14,36,0.389,15,15,1.0,9,38,47,23,6,10,12,20,42,102,0.412,11,34,0.324,13,16,0.813,15,37,52,28,6,3,10,15
169,2022,2022-03-12,HOME,SAS,108,IND,119,LOSS,42,102,0.412,11,34,0.324,13,16,0.813,15,37,52,28,6,3,10,15,45,92,0.489,14,36,0.389,15,15,1.0,9,38,47,23,6,10,12,20
170,2022,2022-03-12,AWAY,MIL,109,GSW,122,LOSS,38,92,0.413,17,44,0.386,16,23,0.696,8,31,39,27,8,2,4,16,45,93,0.484,18,45,0.4,14,15,0.933,12,43,55,33,3,7,10,19
171,2022,2022-03-12,HOME,GSW,122,MIL,109,WIN,45,93,0.484,18,45,0.4,14,15,0.933,12,43,55,33,3,7,10,19,38,92,0.413,17,44,0.386,16,23,0.696,8,31,39,27,8,2,4,16
172,2022,2022-03-12,AWAY,TOR,127,DEN,115,WIN,48,102,0.471,12,31,0.387,19,25,0.76,23,27,50,28,12,6,7,23,43,78,0.551,11,27,0.407,18,24,0.75,9,30,39,32,4,5,19,23
173,2022,2022-03-12,HOME,DEN,115,TOR,127,LOSS,43,78,0.551,11,27,0.407,18,24,0.75,9,30,39,32,4,5,19,23,48,102,0.471,12,31,0.387,19,25,0.76,23,27,50,28,12,6,7,23
174,2022,2022-03-12,AWAY,SAC,125,UTA,134,LOSS,47,94,0.5,13,33,0.394,18,21,0.857,8,25,33,27,6,3,7,20,48,86,0.558,16,41,0.39,22,31,0.71,10,34,44,21,4,5,9,20
175,2022,2022-03-12,HOME,UTA,134,SAC,125,WIN,48,86,0.558,16,41,0.39,22,31,0.71,10,34,44,21,4,5,9,20,47,94,0.5,13,33,0.394,18,21,0.857,8,25,33,27,6,3,7,20
176,2022,2022-03-12,AWAY,WAS,118,POR,127,LOSS,39,83,0.47,14,34,0.412,26,27,0.963,9,26,35,26,7,8,14,16,48,93,0.516,11,30,0.367,20,22,0.909,12,31,43,21,10,3,11,21
177,2022,2022-03-12,HOME,POR,127,WAS,118,WIN,48,93,0.516,11,30,0.367,20,22,0.909,12,31,43,21,10,3,11,21,39,83,0.47,14,34,0.412,26,27,0.963,9,26,35,26,7,8,14,16
178,2022,2022-03-13,AWAY,NYK,107,BRK,110,LOSS,39,83,0.47,11,29,0.379,18,21,0.857,11,29,40,27,8,5,16,21,44,89,0.494,6,29,0.207,16,22,0.727,12,27,39,30,11,3,13,19
179,2022,2022-03-13,HOME,BRK,110,NYK,107,WIN,44,89,0.494,6,29,0.207,16,22,0.727,12,27,39,30,11,3,13,19,39,83,0.47,11,29,0.379,18,21,0.857,11,29,40,27,8,5,16,21
180,2022,2022-03-13,AWAY,LAC,106,DET,102,WIN,40,89,0.449,10,30,0.333,16,20,0.8,11,35,46,25,5,3,6,15,36,80,0.45,12,29,0.414,18,20,0.9,8,36,44,23,3,4,10,18
181,2022,2022-03-13,HOME,DET,102,LAC,106,LOSS,36,80,0.45,12,29,0.414,18,20,0.9,8,36,44,23,3,4,10,18,40,89,0.449,10,30,0.333,16,20,0.8,11,35,46,25,5,3,6,15
182,2022,2022-03-13,AWAY,DAL,95,BOS,92,WIN,33,74,0.446,15,37,0.405,14,19,0.737,4,38,42,20,7,5,17,16,33,88,0.375,9,37,0.243,17,19,0.895,11,34,45,16,8,3,11,12
183,2022,2022-03-13,HOME,BOS,92,DAL,95,LOSS,33,88,0.375,9,37,0.243,17,19,0.895,11,34,45,16,8,3,11,12,33,74,0.446,15,37,0.405,14,19,0.737,4,38,42,20,7,5,17,16
184,2022,2022-03-13,AWAY,PHI,116,ORL,114,WIN,35,92,0.38,14,37,0.378,32,37,0.865,10,35,45,21,7,3,8,17,41,91,0.451,18,43,0.419,14,20,0.7,8,42,50,28,7,7,11,27
185,2022,2022-03-13,HOME,ORL,114,PHI,116,LOSS,41,91,0.451,18,43,0.419,14,20,0.7,8,42,50,28,7,7,11,27,35,92,0.38,14,37,0.378,32,37,0.865,10,35,45,21,7,3,8,17
186,2022,2022-03-13,AWAY,IND,128,ATL,131,LOSS,46,89,0.517,15,35,0.429,21,26,0.808,15,28,43,23,7,4,15,21,46,84,0.548,17,38,0.447,22,24,0.917,9,27,36,27,9,3,11,21
187,2022,2022-03-13,HOME,ATL,131,IND,128,WIN,46,84,0.548,17,38,0.447,22,24,0.917,9,27,36,27,9,3,11,21,46,89,0.517,15,35,0.429,21,26,0.808,15,28,43,23,7,4,15,21
188,2022,2022-03-13,AWAY,HOU,105,NOP,130,LOSS,39,77,0.506,12,31,0.387,15,25,0.6,9,30,39,24,3,4,24,26,48,93,0.516,10,32,0.313,24,34,0.706,14,31,45,30,17,3,10,20
189,2022,2022-03-13,HOME,NOP,130,HOU,105,WIN,48,93,0.516,10,32,0.313,24,34,0.706,14,31,45,30,17,3,10,20,39,77,0.506,12,31,0.387,15,25,0.6,9,30,39,24,3,4,24,26
190,2022,2022-03-13,AWAY,MEM,125,OKC,118,WIN,48,102,0.471,11,29,0.379,18,20,0.9,20,37,57,30,8,5,13,20,41,97,0.423,13,41,0.317,23,28,0.821,14,30,44,25,7,8,11,21
191,2022,2022-03-13,HOME,OKC,118,MEM,125,LOSS,41,97,0.423,13,41,0.317,23,28,0.821,14,30,44,25,7,8,11,21,48,102,0.471,11,29,0.379,18,20,0.9,20,37,57,30,8,5,13,20
192,2022,2022-03-13,AWAY,LAL,111,PHO,140,LOSS,36,81,0.444,16,40,0.4,23,31,0.742,7,30,37,24,4,2,19,14,58,102,0.569,12,33,0.364,12,14,0.857,14,37,51,36,12,5,9,24
193,2022,2022-03-13,HOME,PHO,140,LAL,111,WIN,58,102,0.569,12,33,0.364,12,14,0.857,14,37,51,36,12,5,9,24,36,81,0.444,16,40,0.4,23,31,0.742,7,30,37,24,4,2,19,14
194,2022,2022-03-14,AWAY,LAC,111,CLE,120,LOSS,43,98,0.439,12,36,0.333,13,17,0.765,12,31,43,29,5,8,10,24,41,86,0.477,15,30,0.5,23,32,0.719,12,37,49,28,7,4,11,19
195,2022,2022-03-14,HOME,CLE,120,LAC,111,WIN,41,86,0.477,15,30,0.5,23,32,0.719,12,37,49,28,7,4,11,19,43,98,0.439,12,36,0.333,13,17,0.765,12,31,43,29,5,8,10,24
196,2022,2022-03-14,AWAY,POR,113,ATL,122,LOSS,44,88,0.5,10,24,0.417,15,21,0.714,11,45,56,25,4,9,20,25,40,109,0.367,12,48,0.25,30,32,0.938,17,32,49,28,13,6,4,15
197,2022,2022-03-14,HOME,ATL,122,POR,113,WIN,40,109,0.367,12,48,0.25,30,32,0.938,17,32,49,28,13,6,4,15,44,88,0.5,10,24,0.417,15,21,0.714,11,45,56,25,4,9,20,25
198,2022,2022-03-14,AWAY,DEN,114,PHI,110,WIN,44,82,0.537,13,33,0.394,13,20,0.65,6,36,42,29,8,3,14,24,36,84,0.429,12,33,0.364,26,32,0.813,11,37,48,25,8,6,13,17
199,2022,2022-03-14,HOME,PHI,110,DEN,114,LOSS,36,84,0.429,12,33,0.364,26,32,0.813,11,37,48,25,8,6,13,17,44,82,0.537,13,33,0.394,13,20,0.65,6,36,42,29,8,3,14,24
200,2022,2022-03-14,AWAY,CHO,134,OKC,116,WIN,49,91,0.538,20,35,0.571,16,21,0.762,8,29,37,33,12,7,6,17,42,90,0.467,16,44,0.364,16,19,0.842,13,36,49,31,4,3,18,19
201,2022,2022-03-14,HOME,OKC,116,CHO,134,LOSS,42,90,0.467,16,44,0.364,16,19,0.842,13,36,49,31,4,3,18,19,49,91,0.538,20,35,0.571,16,21,0.762,8,29,37,33,12,7,6,17
202,2022,2022-03-14,AWAY,MIN,149,SAS,139,WIN,52,90,0.578,17,33,0.515,28,32,0.875,7,33,40,28,8,3,15,20,52,97,0.536,13,35,0.371,22,26,0.846,9,27,36,33,5,11,15,24
203,2022,2022-03-14,HOME,SAS,139,MIN,149,LOSS,52,97,0.536,13,35,0.371,22,26,0.846,9,27,36,33,5,11,15,24,52,90,0.578,17,33,0.515,28,32,0.875,7,33,40,28,8,3,15,20
204,2022,2022-03-14,AWAY,WAS,112,GSW,126,LOSS,42,82,0.512,10,26,0.385,18,23,0.783,5,30,35,28,7,1,12,18,45,84,0.536,18,45,0.4,18,22,0.818,6,38,44,26,7,4,13,21
205,2022,2022-03-14,HOME,GSW,126,WAS,112,WIN,45,84,0.536,18,45,0.4,18,22,0.818,6,38,44,26,7,4,13,21,42,82,0.512,10,26,0.385,18,23,0.783,5,30,35,28,7,1,12,18
206,2022,2022-03-14,AWAY,CHI,103,SAC,112,LOSS,36,88,0.409,10,34,0.294,21,22,0.955,9,31,40,22,5,5,13,20,39,82,0.476,10,25,0.4,24,26,0.923,7,38,45,25,10,3,15,21
207,2022,2022-03-14,HOME,SAC,112,CHI,103,WIN,39,82,0.476,10,25,0.4,24,26,0.923,7,38,45,25,10,3,15,21,36,88,0.409,10,34,0.294,21,22,0.955,9,31,40,22,5,5,13,20
208,2022,2022-03-14,AWAY,MIL,117,UTA,111,WIN,40,86,0.465,12,31,0.387,25,29,0.862,6,36,42,21,10,3,12,19,37,93,0.398,17,48,0.354,20,24,0.833,13,32,45,21,7,4,13,23
209,2022,2022-03-14,HOME,UTA,111,MIL,117,LOSS,37,93,0.398,17,48,0.354,20,24,0.833,13,32,45,21,7,4,13,23,40,86,0.465,12,31,0.387,25,29,0.862,6,36,42,21,10,3,12,19
210,2022,2022-03-14,AWAY,TOR,114,LAL,103,WIN,39,96,0.406,10,37,0.27,26,36,0.722,19,45,64,24,8,9,12,20,34,87,0.391,13,42,0.31,22,29,0.759,9,34,43,20,7,7,13,27
211,2022,2022-03-14,HOME,LAL,103,TOR,114,LOSS,34,87,0.391,13,42,0.31,22,29,0.759,9,34,43,20,7,7,13,27,39,96,0.406,10,37,0.27,26,36,0.722,19,45,64,24,8,9,12,20
212,2022,2022-03-15,AWAY,MEM,135,IND,102,WIN,54,105,0.514,15,40,0.375,12,20,0.6,18,33,51,38,11,11,10,16,41,98,0.418,6,30,0.2,14,19,0.737,16,33,49,23,4,3,19,21
213,2022,2022-03-15,HOME,IND,102,MEM,135,LOSS,41,98,0.418,6,30,0.2,14,19,0.737,16,33,49,23,4,3,19,21,54,105,0.514,15,40,0.375,12,20,0.6,18,33,51,38,11,11,10,16
214,2022,2022-03-15,AWAY,BRK,150,ORL,108,WIN,53,88,0.602,16,27,0.593,28,34,0.824,7,41,48,35,9,4,12,23,36,95,0.379,15,41,0.366,21,27,0.778,11,26,37,25,2,4,12,25
215,2022,2022-03-15,HOME,ORL,108,BRK,150,LOSS,36,95,0.379,15,41,0.366,21,27,0.778,11,26,37,25,2,4,12,25,53,88,0.602,16,27,0.593,28,34,0.824,7,41,48,35,9,4,12,23
216,2022,2022-03-15,AWAY,DET,98,MIA,105,LOSS,37,80,0.463,10,34,0.294,14,22,0.636,6,33,39,23,6,5,12,30,29,72,0.403,12,33,0.364,35,39,0.897,7,37,44,20,1,1,11,21
217,2022,2022-03-15,HOME,MIA,105,DET,98,WIN,29,72,0.403,12,33,0.364,35,39,0.897,7,37,44,20,1,1,11,21,37,80,0.463,10,34,0.294,14,22,0.636,6,33,39,23,6,5,12,30
218,2022,2022-03-15,AWAY,PHO,131,NOP,115,WIN,49,90,0.544,18,34,0.529,15,15,1.0,6,28,34,35,9,2,8,22,43,86,0.5,12,34,0.353,17,24,0.708,13,32,45,29,7,4,17,19
219,2022,2022-03-15,HOME,NOP,115,PHO,131,LOSS,43,86,0.5,12,34,0.353,17,24,0.708,13,32,45,29,7,4,17,19,49,90,0.544,18,34,0.529,15,15,1.0,6,28,34,35,9,2,8,22
220,2022,2022-03-16,AWAY,ATL,106,CHO,116,LOSS,40,93,0.43,13,37,0.351,13,14,0.929,12,31,43,28,6,2,12,23,43,87,0.494,11,35,0.314,19,23,0.826,11,32,43,30,8,8,9,18
221,2022,2022-03-16,HOME,CHO,116,ATL,106,WIN,43,87,0.494,11,35,0.314,19,23,0.826,11,32,43,30,8,8,9,18,40,93,0.43,13,37,0.351,13,14,0.929,12,31,43,28,6,2,12,23
222,2022,2022-03-16,AWAY,PHI,118,CLE,114,WIN,41,79,0.519,12,32,0.375,24,28,0.857,7,32,39,24,6,2,11,25,39,80,0.488,9,28,0.321,27,32,0.844,8,31,39,25,9,4,9,17
223,2022,2022-03-16,HOME,CLE,114,PHI,118,LOSS,39,80,0.488,9,28,0.321,27,32,0.844,8,31,39,25,9,4,9,17,41,79,0.519,12,32,0.375,24,28,0.857,7,32,39,24,6,2,11,25
224,2022,2022-03-16,AWAY,DEN,127,WAS,109,WIN,46,90,0.511,15,37,0.405,20,21,0.952,8,33,41,30,7,3,9,25,41,87,0.471,5,23,0.217,22,31,0.71,13,35,48,26,7,8,10,18
225,2022,2022-03-16,HOME,WAS,109,DEN,127,LOSS,41,87,0.471,5,23,0.217,22,31,0.71,13,35,48,26,7,8,10,18,46,90,0.511,15,37,0.405,20,21,0.952,8,33,41,30,7,3,9,25
226,2022,2022-03-16,AWAY,DAL,113,BRK,111,WIN,41,83,0.494,12,34,0.353,19,19,1.0,9,28,37,21,5,2,10,17,45,91,0.495,9,26,0.346,12,15,0.8,19,26,45,28,2,2,11,21
227,2022,2022-03-16,HOME,BRK,111,DAL,113,LOSS,45,91,0.495,9,26,0.346,12,15,0.8,19,26,45,28,2,2,11,21,41,83,0.494,12,34,0.353,19,19,1.0,9,28,37,21,5,2,10,17
228,2022,2022-03-16,AWAY,POR,98,NYK,128,LOSS,40,91,0.44,11,34,0.324,7,14,0.5,10,31,41,26,1,3,11,31,40,80,0.5,16,38,0.421,32,39,0.821,9,38,47,31,9,8,10,14
229,2022,2022-03-16,HOME,NYK,128,POR,98,WIN,40,80,0.5,16,38,0.421,32,39,0.821,9,38,47,31,9,8,10,14,40,91,0.44,11,34,0.324,7,14,0.5,10,31,41,26,1,3,11,31
230,2022,2022-03-16,AWAY,PHO,129,HOU,112,WIN,53,95,0.558,13,33,0.394,10,13,0.769,13,36,49,32,5,4,11,18,42,85,0.494,16,39,0.41,12,19,0.632,9,24,33,26,9,3,11,13
231,2022,2022-03-16,HOME,HOU,112,PHO,129,LOSS,42,85,0.494,16,39,0.41,12,19,0.632,9,24,33,26,9,3,11,13,53,95,0.558,13,33,0.394,10,13,0.769,13,36,49,32,5,4,11,18
232,2022,2022-03-16,AWAY,LAL,104,MIN,124,LOSS,39,93,0.419,10,44,0.227,16,23,0.696,13,25,38,23,7,4,14,25,40,90,0.444,17,42,0.405,27,31,0.871,15,36,51,22,7,6,16,23
233,2022,2022-03-16,HOME,MIN,124,LAL,104,WIN,40,90,0.444,17,42,0.405,27,31,0.871,15,36,51,22,7,6,16,23,39,93,0.419,10,44,0.227,16,23,0.696,13,25,38,23,7,4,14,25
234,2022,2022-03-16,AWAY,OKC,120,SAS,122,LOSS,43,82,0.524,13,35,0.371,21,29,0.724,10,37,47,24,11,1,17,18,43,98,0.439,19,41,0.463,17,20,0.85,15,33,48,31,10,2,12,18
235,2022,2022-03-16,HOME,SAS,122,OKC,120,WIN,43,98,0.439,19,41,0.463,17,20,0.85,15,33,48,31,10,2,12,18,43,82,0.524,13,35,0.371,21,29,0.724,10,37,47,24,11,1,17,18
236,2022,2022-03-16,AWAY,CHI,110,UTA,125,LOSS,43,91,0.473,12,34,0.353,12,17,0.706,5,32,37,28,10,2,12,22,42,83,0.506,19,39,0.487,22,29,0.759,10,37,47,20,8,6,16,18
237,2022,2022-03-16,HOME,UTA,125,CHI,110,WIN,42,83,0.506,19,39,0.487,22,29,0.759,10,37,47,20,8,6,16,18,43,91,0.473,12,34,0.353,12,17,0.706,5,32,37,28,10,2,12,22
238,2022,2022-03-16,AWAY,BOS,110,GSW,88,WIN,38,81,0.469,15,40,0.375,19,22,0.864,8,45,53,23,4,4,10,15,32,86,0.372,11,48,0.229,13,16,0.813,7,31,38,19,8,4,8,21
239,2022,2022-03-16,HOME,GSW,88,BOS,110,LOSS,32,86,0.372,11,48,0.229,13,16,0.813,7,31,38,19,8,4,8,21,38,81,0.469,15,40,0.375,19,22,0.864,8,45,53,23,4,4,10,15
240,2022,2022-03-16,AWAY,MIL,135,SAC,126,WIN,47,89,0.528,18,35,0.514,23,32,0.719,8,39,47,21,12,3,11,19,46,94,0.489,16,43,0.372,18,21,0.857,7,32,39,27,8,5,15,21
241,2022,2022-03-16,HOME,SAC,126,MIL,135,LOSS,46,94,0.489,16,43,0.372,18,21,0.857,7,32,39,27,8,5,15,21,47,89,0.528,18,35,0.514,23,32,0.719,8,39,47,21,12,3,11,19
242,2022,2022-03-16,AWAY,TOR,103,LAC,100,WIN,38,83,0.458,11,32,0.344,16,21,0.762,13,30,43,14,5,1,11,12,38,78,0.487,11,30,0.367,13,15,0.867,10,31,41,27,7,2,14,15
243,2022,2022-03-16,HOME,LAC,100,TOR,103,LOSS,38,78,0.487,11,30,0.367,13,15,0.867,10,31,41,27,7,2,14,15,38,83,0.458,11,32,0.344,16,21,0.762,13,30,43,14,5,1,11,12
244,2022,2022-03-17,AWAY,DET,134,ORL,120,WIN,47,94,0.5,20,43,0.465,20,31,0.645,10,35,45,34,11,3,7,21,47,97,0.485,11,30,0.367,15,21,0.714,10,35,45,24,3,4,13,21
245,2022,2022-03-17,HOME,ORL,120,DET,134,LOSS,47,97,0.485,11,30,0.367,15,21,0.714,10,35,45,24,3,4,13,21,47,94,0.5,20,43,0.465,20,31,0.645,10,35,45,34,11,3,7,21
246,2022,2022-03-18,AWAY,DAL,101,PHI,111,LOSS,37,80,0.463,12,32,0.375,15,21,0.714,11,29,40,21,4,3,12,17,37,75,0.493,16,38,0.421,21,23,0.913,5,33,38,23,9,4,11,21
247,2022,2022-03-18,HOME,PHI,111,DAL,101,WIN,37,75,0.493,16,38,0.421,21,23,0.913,5,33,38,23,9,4,11,21,37,80,0.463,12,32,0.375,15,21,0.714,11,29,40,21,4,3,12,17
248,2022,2022-03-18,AWAY,MEM,105,ATL,120,LOSS,40,86,0.465,8,22,0.364,17,23,0.739,15,33,48,18,6,10,16,18,45,91,0.495,13,28,0.464,17,21,0.81,7,33,40,28,12,6,9,20
249,2022,2022-03-18,HOME,ATL,120,MEM,105,WIN,45,91,0.495,13,28,0.464,17,21,0.81,7,33,40,28,12,6,9,20,40,86,0.465,8,22,0.364,17,23,0.739,15,33,48,18,6,10,16,18
250,2022,2022-03-18,AWAY,POR,123,BRK,128,LOSS,48,96,0.5,13,35,0.371,14,24,0.583,17,20,37,29,14,4,13,26,45,77,0.584,10,25,0.4,28,33,0.848,13,32,45,24,7,4,21,22
251,2022,2022-03-18,HOME,BRK,128,POR,123,WIN,45,77,0.584,10,25,0.4,28,33,0.848,13,32,45,24,7,4,21,22,48,96,0.5,13,35,0.371,14,24,0.583,17,20,37,29,14,4,13,26
252,2022,2022-03-18,AWAY,DEN,116,CLE,119,LOSS,46,92,0.5,10,33,0.303,14,18,0.778,13,38,51,35,6,3,18,24,44,98,0.449,14,37,0.378,17,26,0.654,15,31,46,31,11,4,11,17
253,2022,2022-03-18,HOME,CLE,119,DEN,116,WIN,44,98,0.449,14,37,0.378,17,26,0.654,15,31,46,31,11,4,11,17,46,92,0.5,10,33,0.303,14,18,0.778,13,38,51,35,6,3,18,24
254,2022,2022-03-18,AWAY,WAS,97,NYK,100,LOSS,34,79,0.43,13,34,0.382,16,21,0.762,3,35,38,19,2,6,13,27,31,90,0.344,10,33,0.303,28,36,0.778,19,41,60,18,9,3,12,20
255,2022,2022-03-18,HOME,NYK,100,WAS,97,WIN,31,90,0.344,10,33,0.303,28,36,0.778,19,41,60,18,9,3,12,20,34,79,0.43,13,34,0.382,16,21,0.762,3,35,38,19,2,6,13,27
256,2022,2022-03-18,AWAY,LAL,128,TOR,123,WIN,47,96,0.49,19,43,0.442,15,21,0.714,13,30,43,33,6,4,13,19,49,97,0.505,12,37,0.324,13,20,0.65,16,30,46,25,8,2,12,19
257,2022,2022-03-18,HOME,TOR,123,LAL,128,LOSS,49,97,0.505,12,37,0.324,13,20,0.65,16,30,46,25,8,2,12,19,47,96,0.49,19,43,0.442,15,21,0.714,13,30,43,33,6,4,13,19
258,2022,2022-03-18,AWAY,IND,121,HOU,118,WIN,47,101,0.465,14,43,0.326,13,19,0.684,16,30,46,29,7,4,13,26,39,79,0.494,12,27,0.444,28,32,0.875,5,37,42,24,9,8,15,19
259,2022,2022-03-18,HOME,HOU,118,IND,121,LOSS,39,79,0.494,12,27,0.444,28,32,0.875,5,37,42,24,9,8,15,19,47,101,0.465,14,43,0.326,13,19,0.684,16,30,46,29,7,4,13,26
260,2022,2022-03-18,AWAY,OKC,108,MIA,120,LOSS,40,84,0.476,10,34,0.294,18,23,0.783,11,36,47,19,4,5,10,10,46,95,0.484,18,51,0.353,10,12,0.833,11,35,46,25,5,0,6,19
261,2022,2022-03-18,HOME,MIA,120,OKC,108,WIN,46,95,0.484,18,51,0.353,10,12,0.833,11,35,46,25,5,0,6,19,40,84,0.476,10,34,0.294,18,23,0.783,11,36,47,19,4,5,10,10
262,2022,2022-03-18,AWAY,NOP,124,SAS,91,WIN,48,96,0.5,14,34,0.412,14,18,0.778,13,45,58,24,13,4,9,21,32,89,0.36,11,44,0.25,16,20,0.8,8,32,40,22,5,4,16,12
263,2022,2022-03-18,HOME,SAS,91,NOP,124,LOSS,32,89,0.36,11,44,0.25,16,20,0.8,8,32,40,22,5,4,16,12,48,96,0.5,14,34,0.412,14,18,0.778,13,45,58,24,13,4,9,21
264,2022,2022-03-18,AWAY,LAC,92,UTA,121,LOSS,31,86,0.36,11,35,0.314,19,21,0.905,8,35,43,23,10,8,12,13,47,97,0.485,16,44,0.364,11,14,0.786,15,44,59,30,9,5,12,18
265,2022,2022-03-18,HOME,UTA,121,LAC,92,WIN,47,97,0.485,16,44,0.364,11,14,0.786,15,44,59,30,9,5,12,18,31,86,0.36,11,35,0.314,19,21,0.905,8,35,43,23,10,8,12,13
266,2022,2022-03-18,AWAY,CHI,102,PHO,129,LOSS,35,85,0.412,7,27,0.259,25,31,0.806,13,24,37,20,6,0,11,18,47,84,0.56,11,25,0.44,24,26,0.923,10,39,49,23,5,4,11,20
267,2022,2022-03-18,HOME,PHO,129,CHI,102,WIN,47,84,0.56,11,25,0.44,24,26,0.923,10,39,49,23,5,4,11,20,35,85,0.412,7,27,0.259,25,31,0.806,13,24,37,20,6,0,11,18
268,2022,2022-03-18,AWAY,BOS,126,SAC,97,WIN,46,82,0.561,22,40,0.55,12,17,0.706,6,37,43,33,11,1,13,23,33,79,0.418,13,36,0.361,18,24,0.75,8,29,37,23,5,6,16,14
269,2022,2022-03-18,HOME,SAC,97,BOS,126,LOSS,33,79,0.418,13,36,0.361,18,24,0.75,8,29,37,23,5,6,16,14,46,82,0.561,22,40,0.55,12,17,0.706,6,37,43,33,11,1,13,23
270,2022,2022-03-19,AWAY,MIL,119,MIN,138,LOSS,43,97,0.443,19,52,0.365,14,17,0.824,14,37,51,27,6,4,14,18,47,92,0.511,22,47,0.468,22,26,0.846,8,36,44,30,12,2,11,19
271,2022,2022-03-19,HOME,MIN,138,MIL,119,WIN,47,92,0.511,22,47,0.468,22,26,0.846,8,36,44,30,12,2,11,19,43,97,0.443,19,52,0.365,14,17,0.824,14,37,51,27,6,4,14,18
272,2022,2022-03-19,AWAY,DAL,108,CHO,129,LOSS,39,89,0.438,14,38,0.368,16,20,0.8,12,32,44,18,4,4,13,26,44,88,0.5,20,42,0.476,21,27,0.778,10,36,46,33,8,8,9,18
273,2022,2022-03-19,HOME,CHO,129,DAL,108,WIN,44,88,0.5,20,42,0.476,21,27,0.778,10,36,46,33,8,8,9,18,39,89,0.438,14,38,0.368,16,20,0.8,12,32,44,18,4,4,13,26
274,2022,2022-03-19,AWAY,DET,109,CLE,113,LOSS,41,85,0.482,13,30,0.433,14,19,0.737,10,28,38,23,10,6,15,22,45,88,0.511,10,26,0.385,13,23,0.565,12,32,44,28,7,4,14,16
275,2022,2022-03-19,HOME,CLE,113,DET,109,WIN,45,88,0.511,10,26,0.385,13,23,0.565,12,32,44,28,7,4,14,16,41,85,0.482,13,30,0.433,14,19,0.737,10,28,38,23,10,6,15,22
276,2022,2022-03-19,AWAY,LAL,119,WAS,127,LOSS,48,91,0.527,13,35,0.371,10,11,0.909,9,32,41,25,3,1,12,23,44,85,0.518,13,31,0.419,26,31,0.839,7,29,36,30,10,1,7,13
277,2022,2022-03-19,HOME,WAS,127,LAL,119,WIN,44,85,0.518,13,31,0.419,26,31,0.839,7,29,36,30,10,1,7,13,48,91,0.527,13,35,0.371,10,11,0.909,9,32,41,25,3,1,12,23
278,2022,2022-03-20,AWAY,MEM,122,HOU,98,WIN,46,96,0.479,16,34,0.471,14,17,0.824,7,44,51,26,14,6,13,24,37,86,0.43,10,31,0.323,14,24,0.583,5,40,45,26,6,3,17,16
279,2022,2022-03-20,HOME,HOU,98,MEM,122,LOSS,37,86,0.43,10,31,0.323,14,24,0.583,5,40,45,26,6,3,17,16,46,96,0.479,16,34,0.471,14,17,0.824,7,44,51,26,14,6,13,24
280,2022,2022-03-20,AWAY,POR,98,IND,129,LOSS,38,81,0.469,9,33,0.273,13,18,0.722,10,22,32,23,10,3,17,19,48,84,0.571,15,35,0.429,18,21,0.857,11,30,41,38,10,2,14,19
281,2022,2022-03-20,HOME,IND,129,POR,98,WIN,48,84,0.571,15,35,0.429,18,21,0.857,11,30,41,38,10,2,14,19,38,81,0.469,9,33,0.273,13,18,0.722,10,22,32,23,10,3,17,19
282,2022,2022-03-20,AWAY,NOP,117,ATL,112,WIN,43,96,0.448,7,21,0.333,24,27,0.889,18,36,54,22,12,1,15,23,41,87,0.471,10,32,0.313,20,23,0.87,7,33,40,22,7,4,16,22
283,2022,2022-03-20,HOME,ATL,112,NOP,117,LOSS,41,87,0.471,10,32,0.313,20,23,0.87,7,33,40,22,7,4,16,22,43,96,0.448,7,21,0.333,24,27,0.889,18,36,54,22,12,1,15,23
284,2022,2022-03-20,AWAY,OKC,85,ORL,90,LOSS,30,92,0.326,13,48,0.271,12,18,0.667,14,33,47,19,13,7,16,24,32,83,0.386,7,31,0.226,19,24,0.792,15,45,60,22,11,4,21,17
285,2022,2022-03-20,HOME,ORL,90,OKC,85,WIN,32,83,0.386,7,31,0.226,19,24,0.792,15,45,60,22,11,4,21,17,30,92,0.326,13,48,0.271,12,18,0.667,14,33,47,19,13,7,16,24
286,2022,2022-03-20,AWAY,PHO,127,SAC,124,WIN,46,92,0.5,12,28,0.429,23,27,0.852,10,40,50,25,12,5,17,30,39,91,0.429,16,34,0.471,30,36,0.833,9,33,42,27,12,2,15,21
287,2022,2022-03-20,HOME,SAC,124,PHO,127,LOSS,39,91,0.429,16,34,0.471,30,36,0.833,9,33,42,27,12,2,15,21,46,92,0.5,12,28,0.429,23,27,0.852,10,40,50,25,12,5,17,30
288,2022,2022-03-20,AWAY,UTA,108,NYK,93,WIN,34,74,0.459,17,46,0.37,23,29,0.793,9,40,49,16,9,11,11,17,31,83,0.373,16,40,0.4,15,21,0.714,10,27,37,20,7,2,11,19
289,2022,2022-03-20,HOME,NYK,93,UTA,108,LOSS,31,83,0.373,16,40,0.4,15,21,0.714,10,27,37,20,7,2,11,19,34,74,0.459,17,46,0.37,23,29,0.793,9,40,49,16,9,11,11,17
290,2022,2022-03-20,AWAY,BOS,124,DEN,104,WIN,47,82,0.573,19,40,0.475,11,11,1.0,5,33,38,29,4,6,8,18,35,87,0.402,14,39,0.359,20,25,0.8,13,28,41,22,4,3,10,15
291,2022,2022-03-20,HOME,DEN,104,BOS,124,LOSS,35,87,0.402,14,39,0.359,20,25,0.8,13,28,41,22,4,3,10,15,47,82,0.573,19,40,0.475,11,11,1.0,5,33,38,29,4,6,8,18
292,2022,2022-03-20,AWAY,SAS,110,GSW,108,WIN,38,98,0.388,15,40,0.375,19,25,0.76,17,27,44,25,7,2,10,18,41,90,0.456,11,33,0.333,15,21,0.714,20,37,57,26,5,1,15,20
293,2022,2022-03-20,HOME,GSW,108,SAS,110,LOSS,41,90,0.456,11,33,0.333,15,21,0.714,20,37,57,26,5,1,15,20,38,98,0.388,15,40,0.375,19,25,0.76,17,27,44,25,7,2,10,18
294,2022,2022-03-20,AWAY,TOR,93,PHI,88,WIN,35,93,0.376,7,26,0.269,16,23,0.696,20,36,56,16,5,4,8,16,30,73,0.411,7,27,0.259,21,28,0.75,5,35,40,21,7,5,10,23
295,2022,2022-03-20,HOME,PHI,88,TOR,93,LOSS,30,73,0.411,7,27,0.259,21,28,0.75,5,35,40,21,7,5,10,23,35,93,0.376,7,26,0.269,16,23,0.696,20,36,56,16,5,4,8,16
296,2022,2022-03-21,AWAY,NOP,103,CHO,106,LOSS,40,90,0.444,9,24,0.375,14,16,0.875,15,32,47,23,9,4,15,16,40,79,0.506,13,37,0.351,13,15,0.867,5,30,35,34,5,10,17,19
297,2022,2022-03-21,HOME,CHO,106,NOP,103,WIN,40,79,0.506,13,37,0.351,13,15,0.867,5,30,35,34,5,10,17,19,40,90,0.444,9,24,0.375,14,16,0.875,15,32,47,23,9,4,15,16
298,2022,2022-03-21,AWAY,LAL,131,CLE,120,WIN,53,94,0.564,12,32,0.375,13,16,0.813,9,32,41,34,7,3,8,19,45,86,0.523,14,39,0.359,16,19,0.842,8,30,38,29,3,2,12,19
299,2022,2022-03-21,HOME,CLE,120,LAL,131,LOSS,45,86,0.523,14,39,0.359,16,19,0.842,8,30,38,29,3,2,12,19,53,94,0.564,12,32,0.375,13,16,0.813,9,32,41,34,7,3,8,19
300,2022,2022-03-21,AWAY,POR,119,DET,115,WIN,37,88,0.42,8,28,0.286,37,49,0.755,17,30,47,22,15,7,9,26,36,85,0.424,9,35,0.257,34,41,0.829,12,36,48,22,8,5,18,34
301,2022,2022-03-21,HOME,DET,115,POR,119,LOSS,36,85,0.424,9,35,0.257,34,41,0.829,12,36,48,22,8,5,18,34,37,88,0.42,8,28,0.286,37,49,0.755,17,30,47,22,15,7,9,26
302,2022,2022-03-21,AWAY,UTA,106,BRK,114,LOSS,37,83,0.446,14,39,0.359,18,22,0.818,11,26,37,18,8,7,13,16,45,83,0.542,11,30,0.367,13,15,0.867,7,34,41,31,5,4,14,19
303,2022,2022-03-21,HOME,BRK,114,UTA,106,WIN,45,83,0.542,11,30,0.367,13,15,0.867,7,34,41,31,5,4,14,19,37,83,0.446,14,39,0.359,18,22,0.818,11,26,37,18,8,7,13,16
304,2022,2022-03-21,AWAY,MIA,106,PHI,113,LOSS,38,80,0.475,10,33,0.303,20,20,1.0,4,30,34,23,6,4,12,16,43,86,0.5,15,37,0.405,12,16,0.75,11,34,45,26,6,4,11,20
305,2022,2022-03-21,HOME,PHI,113,MIA,106,WIN,43,86,0.5,15,37,0.405,12,16,0.75,11,34,45,26,6,4,11,20,38,80,0.475,10,33,0.303,20,20,1.0,4,30,34,23,6,4,12,16
306,2022,2022-03-21,AWAY,TOR,99,CHI,113,LOSS,40,91,0.44,6,32,0.188,13,15,0.867,14,35,49,26,5,6,12,20,44,90,0.489,11,28,0.393,14,24,0.583,14,28,42,28,6,7,5,14
307,2022,2022-03-21,HOME,CHI,113,TOR,99,WIN,44,90,0.489,11,28,0.393,14,24,0.583,14,28,42,28,6,7,5,14,40,91,0.44,6,32,0.188,13,15,0.867,14,35,49,26,5,6,12,20
308,2022,2022-03-21,AWAY,WAS,97,HOU,115,LOSS,35,85,0.412,6,29,0.207,21,24,0.875,10,37,47,24,7,6,11,15,42,85,0.494,20,39,0.513,11,13,0.846,6,38,44,30,5,8,12,22
309,2022,2022-03-21,HOME,HOU,115,WAS,97,WIN,42,85,0.494,20,39,0.513,11,13,0.846,6,38,44,30,5,8,12,22,35,85,0.412,6,29,0.207,21,24,0.875,10,37,47,24,7,6,11,15
310,2022,2022-03-21,AWAY,BOS,132,OKC,123,WIN,44,86,0.512,15,40,0.375,29,34,0.853,6,36,42,22,8,7,8,18,48,93,0.516,17,37,0.459,10,14,0.714,10,32,42,23,5,4,11,26
311,2022,2022-03-21,HOME,OKC,123,BOS,132,LOSS,48,93,0.516,17,37,0.459,10,14,0.714,10,32,42,23,5,4,11,26,44,86,0.512,15,40,0.375,29,34,0.853,6,36,42,22,8,7,8,18
312,2022,2022-03-21,AWAY,MIN,108,DAL,110,LOSS,36,91,0.396,13,36,0.361,23,29,0.793,15,35,50,21,9,3,9,18,40,83,0.482,14,46,0.304,16,21,0.762,7,40,47,27,5,3,11,21
313,2022,2022-03-21,HOME,DAL,110,MIN,108,WIN,40,83,0.482,14,46,0.304,16,21,0.762,7,40,47,27,5,3,11,21,36,91,0.396,13,36,0.361,23,29,0.793,15,35,50,21,9,3,9,18
314,2022,2022-03-22,AWAY,GSW,90,ORL,94,LOSS,34,85,0.4,11,32,0.344,11,16,0.688,12,36,48,21,6,3,18,23,34,79,0.43,10,36,0.278,16,20,0.8,6,33,39,25,9,6,13,14
315,2022,2022-03-22,HOME,ORL,94,GSW,90,WIN,34,79,0.43,10,36,0.278,16,20,0.8,6,33,39,25,9,6,13,14,34,85,0.4,11,32,0.344,11,16,0.688,12,36,48,21,6,3,18,23
316,2022,2022-03-22,AWAY,ATL,117,NYK,111,WIN,40,81,0.494,15,36,0.417,22,27,0.815,10,33,43,26,7,5,14,18,42,86,0.488,13,34,0.382,14,26,0.538,14,27,41,20,12,4,13,23
317,2022,2022-03-22,HOME,NYK,111,ATL,117,LOSS,42,86,0.488,13,34,0.382,14,26,0.538,14,27,41,20,12,4,13,23,40,81,0.494,15,36,0.417,22,27,0.815,10,33,43,26,7,5,14,18
318,2022,2022-03-22,AWAY,CHI,98,MIL,126,LOSS,39,92,0.424,13,33,0.394,7,13,0.538,5,28,33,21,9,4,7,12,50,82,0.61,12,28,0.429,14,20,0.7,5,48,53,26,4,6,14,12
319,2022,2022-03-22,HOME,MIL,126,CHI,98,WIN,50,82,0.61,12,28,0.429,14,20,0.7,5,48,53,26,4,6,14,12,39,92,0.424,13,33,0.394,7,13,0.538,5,28,33,21,9,4,7,12
320,2022,2022-03-22,AWAY,LAC,115,DEN,127,LOSS,42,86,0.488,10,32,0.313,21,26,0.808,6,29,35,27,3,7,6,19,45,83,0.542,16,32,0.5,21,23,0.913,6,34,40,31,4,5,9,19
321,2022,2022-03-22,HOME,DEN,127,LAC,115,WIN,45,83,0.542,16,32,0.5,21,23,0.913,6,34,40,31,4,5,9,19,42,86,0.488,10,32,0.313,21,26,0.808,6,29,35,27,3,7,6,19
322,2022,2022-03-23,AWAY,NYK,121,CHO,106,WIN,43,83,0.518,20,45,0.444,15,17,0.882,6,34,40,30,5,3,7,17,42,89,0.472,13,46,0.283,9,17,0.529,14,31,45,26,5,4,9,18
323,2022,2022-03-23,HOME,CHO,106,NYK,121,LOSS,42,89,0.472,13,46,0.283,9,17,0.529,14,31,45,26,5,4,9,18,43,83,0.518,20,45,0.444,15,17,0.882,6,34,40,30,5,3,7,17
324,2022,2022-03-23,AWAY,ATL,101,DET,122,LOSS,37,92,0.402,14,44,0.318,13,15,0.867,9,31,40,21,8,3,14,17,44,88,0.5,12,33,0.364,22,25,0.88,9,45,54,30,10,4,15,19
325,2022,2022-03-23,HOME,DET,122,ATL,101,WIN,44,88,0.5,12,33,0.364,22,25,0.88,9,45,54,30,10,4,15,19,37,92,0.402,14,44,0.318,13,15,0.867,9,31,40,21,8,3,14,17
326,2022,2022-03-23,AWAY,SAC,110,IND,109,WIN,43,82,0.524,12,37,0.324,12,17,0.706,4,32,36,26,7,3,16,10,42,91,0.462,14,36,0.389,11,11,1.0,10,32,42,34,11,3,15,17
327,2022,2022-03-23,HOME,IND,109,SAC,110,LOSS,42,91,0.462,14,36,0.389,11,11,1.0,10,32,42,34,11,3,15,17,43,82,0.524,12,37,0.324,12,17,0.706,4,32,36,26,7,3,16,10
328,2022,2022-03-23,AWAY,UTA,97,BOS,125,LOSS,35,88,0.398,8,36,0.222,19,21,0.905,16,24,40,13,8,1,14,14,50,84,0.595,19,36,0.528,6,7,0.857,8,31,39,37,8,10,12,20
329,2022,2022-03-23,HOME,BOS,125,UTA,97,WIN,50,84,0.595,19,36,0.528,6,7,0.857,8,31,39,37,8,10,12,20,35,88,0.398,8,36,0.222,19,21,0.905,16,24,40,13,8,1,14,14
330,2022,2022-03-23,AWAY,BRK,120,MEM,132,LOSS,43,87,0.494,9,25,0.36,25,27,0.926,10,29,39,18,6,10,14,20,47,101,0.465,19,38,0.5,19,22,0.864,16,30,46,28,8,7,12,22
331,2022,2022-03-23,HOME,MEM,132,BRK,120,WIN,47,101,0.465,19,38,0.5,19,22,0.864,16,30,46,28,8,7,12,22,43,87,0.494,9,25,0.36,25,27,0.926,10,29,39,18,6,10,14,20
332,2022,2022-03-23,AWAY,GSW,118,MIA,104,WIN,40,77,0.519,15,36,0.417,23,27,0.852,7,38,45,23,5,2,11,24,37,85,0.435,14,36,0.389,16,21,0.762,8,26,34,26,8,1,9,19
333,2022,2022-03-23,HOME,MIA,104,GSW,118,LOSS,37,85,0.435,14,36,0.389,16,21,0.762,8,26,34,26,8,1,9,19,40,77,0.519,15,36,0.417,23,27,0.852,7,38,45,23,5,2,11,24
334,2022,2022-03-23,AWAY,PHO,125,MIN,116,WIN,45,86,0.523,12,33,0.364,23,29,0.793,11,32,43,30,6,9,12,20,42,95,0.442,13,43,0.302,19,22,0.864,15,30,45,27,5,5,12,21
335,2022,2022-03-23,HOME,MIN,116,PHO,125,LOSS,42,95,0.442,13,43,0.302,19,22,0.864,15,30,45,27,5,5,12,21,45,86,0.523,12,33,0.364,23,29,0.793,11,32,43,30,6,9,12,20
336,2022,2022-03-23,AWAY,ORL,102,OKC,118,LOSS,36,93,0.387,17,51,0.333,13,16,0.813,9,36,45,24,3,3,10,22,38,79,0.481,17,41,0.415,25,30,0.833,5,39,44,21,6,6,11,16
337,2022,2022-03-23,HOME,OKC,118,ORL,102,WIN,38,79,0.481,17,41,0.415,25,30,0.833,5,39,44,21,6,6,11,16,36,93,0.387,17,51,0.333,13,16,0.813,9,36,45,24,3,3,10,22
338,2022,2022-03-23,AWAY,HOU,91,DAL,110,LOSS,33,82,0.402,4,28,0.143,21,28,0.75,12,33,45,17,8,5,15,21,42,86,0.488,8,33,0.242,18,22,0.818,8,34,42,24,9,1,12,24
339,2022,2022-03-23,HOME,DAL,110,HOU,91,WIN,42,86,0.488,8,33,0.242,18,22,0.818,8,34,42,24,9,1,12,24,33,82,0.402,4,28,0.143,21,28,0.75,12,33,45,17,8,5,15,21
340,2022,2022-03-23,AWAY,PHI,126,LAL,121,WIN,47,91,0.516,10,27,0.37,22,28,0.786,8,35,43,26,7,5,7,13,50,97,0.515,11,30,0.367,10,16,0.625,11,34,45,25,6,3,12,19
341,2022,2022-03-23,HOME,LAL,121,PHI,126,LOSS,50,97,0.515,11,30,0.367,10,16,0.625,11,34,45,25,6,3,12,19,47,91,0.516,10,27,0.37,22,28,0.786,8,35,43,26,7,5,7,13
342,2022,2022-03-23,AWAY,SAS,133,POR,96,WIN,46,94,0.489,19,44,0.432,22,24,0.917,14,39,53,34,8,11,13,13,36,94,0.383,7,26,0.269,17,18,0.944,12,31,43,18,5,5,16,21
343,2022,2022-03-23,HOME,POR,96,SAS,133,LOSS,36,94,0.383,7,26,0.269,17,18,0.944,12,31,43,18,5,5,16,21,46,94,0.489,19,44,0.432,22,24,0.917,14,39,53,34,8,11,13,13
344,2022,2022-03-24,AWAY,CLE,104,TOR,117,LOSS,37,79,0.468,12,30,0.4,18,22,0.818,9,27,36,24,4,3,13,14,42,89,0.472,16,37,0.432,17,19,0.895,13,27,40,26,9,5,8,22
345,2022,2022-03-24,HOME,TOR,117,CLE,104,WIN,42,89,0.472,16,37,0.432,17,19,0.895,13,27,40,26,9,5,8,22,37,79,0.468,12,30,0.4,18,22,0.818,9,27,36,24,4,3,13,14
346,2022,2022-03-24,AWAY,IND,103,MEM,133,LOSS,39,92,0.424,9,33,0.273,16,23,0.696,9,22,31,20,7,8,11,19,50,93,0.538,21,42,0.5,12,17,0.706,16,39,55,34,8,9,14,22
347,2022,2022-03-24,HOME,MEM,133,IND,103,WIN,50,93,0.538,21,42,0.5,12,17,0.706,16,39,55,34,8,9,14,22,39,92,0.424,9,33,0.273,16,23,0.696,9,22,31,20,7,8,11,19
348,2022,2022-03-24,AWAY,WAS,102,MIL,114,LOSS,43,92,0.467,11,38,0.289,5,9,0.556,12,29,41,25,9,1,11,17,42,81,0.519,16,35,0.457,14,16,0.875,4,37,41,23,5,2,15,17
349,2022,2022-03-24,HOME,MIL,114,WAS,102,WIN,42,81,0.519,16,35,0.457,14,16,0.875,4,37,41,23,5,2,15,17,43,92,0.467,11,38,0.289,5,9,0.556,12,29,41,25,9,1,11,17
350,2022,2022-03-24,AWAY,CHI,109,NOP,126,LOSS,40,78,0.513,14,34,0.412,15,19,0.789,4,29,33,25,5,4,15,24,41,83,0.494,12,29,0.414,32,34,0.941,10,33,43,23,10,2,10,17
351,2022,2022-03-24,HOME,NOP,126,CHI,109,WIN,41,83,0.494,12,29,0.414,32,34,0.941,10,33,43,23,10,2,10,17,40,78,0.513,14,34,0.412,15,19,0.789,4,29,33,25,5,4,15,24
352,2022,2022-03-24,AWAY,PHO,140,DEN,130,WIN,52,86,0.605,13,27,0.481,23,29,0.793,5,24,29,32,7,3,8,23,48,81,0.593,15,32,0.469,19,27,0.704,10,27,37,27,5,2,16,22
353,2022,2022-03-24,HOME,DEN,130,PHO,140,LOSS,48,81,0.593,15,32,0.469,19,27,0.704,10,27,37,27,5,2,16,22,52,86,0.605,13,27,0.481,23,29,0.793,5,24,29,32,7,3,8,23
354,2022,2022-03-25,AWAY,UTA,101,CHO,107,LOSS,38,84,0.452,17,47,0.362,8,11,0.727,9,29,38,25,7,2,11,16,41,88,0.466,13,34,0.382,12,17,0.706,16,29,45,26,7,3,9,17
355,2022,2022-03-25,HOME,CHO,107,UTA,101,WIN,41,88,0.466,13,34,0.382,12,17,0.706,16,29,45,26,7,3,9,17,38,84,0.452,17,47,0.362,8,11,0.727,9,29,38,25,7,2,11,16
356,2022,2022-03-25,AWAY,WAS,100,DET,97,WIN,36,83,0.434,9,30,0.3,19,21,0.905,5,40,45,23,6,7,17,15,39,95,0.411,6,32,0.188,13,14,0.929,10,38,48,19,9,8,15,20
357,2022,2022-03-25,HOME,DET,97,WAS,100,LOSS,39,95,0.411,6,32,0.188,13,14,0.929,10,38,48,19,9,8,15,20,36,83,0.434,9,30,0.3,19,21,0.905,5,40,45,23,6,7,17,15
358,2022,2022-03-25,AWAY,GSW,110,ATL,121,LOSS,43,90,0.478,14,41,0.341,10,13,0.769,14,33,47,27,4,1,16,22,46,89,0.517,14,37,0.378,15,19,0.789,12,32,44,27,11,4,11,18
359,2022,2022-03-25,HOME,ATL,121,GSW,110,WIN,46,89,0.517,14,37,0.378,15,19,0.789,12,32,44,27,11,4,11,18,43,90,0.478,14,41,0.341,10,13,0.769,14,33,47,27,4,1,16,22
360,2022,2022-03-25,AWAY,NYK,111,MIA,103,WIN,36,82,0.439,17,50,0.34,22,28,0.786,17,25,42,23,8,2,11,24,35,70,0.5,12,33,0.364,21,25,0.84,8,27,35,18,6,3,15,25
361,2022,2022-03-25,HOME,MIA,103,NYK,111,LOSS,35,70,0.5,12,33,0.364,21,25,0.84,8,27,35,18,6,3,15,25,36,82,0.439,17,50,0.34,22,28,0.786,17,25,42,23,8,2,11,24
362,2022,2022-03-25,AWAY,DAL,95,MIN,116,LOSS,35,90,0.389,10,43,0.233,15,19,0.789,10,35,45,21,4,5,10,19,43,84,0.512,11,32,0.344,19,24,0.792,6,39,45,26,4,2,9,21
363,2022,2022-03-25,HOME,MIN,116,DAL,95,WIN,43,84,0.512,11,32,0.344,19,24,0.792,6,39,45,26,4,2,9,21,35,90,0.389,10,43,0.233,15,19,0.789,10,35,45,21,4,5,10,19
364,2022,2022-03-25,AWAY,HOU,125,POR,106,WIN,43,83,0.518,19,45,0.422,20,23,0.87,9,28,37,27,12,3,14,22,43,85,0.506,3,20,0.15,17,23,0.739,13,25,38,28,6,3,17,21
365,2022,2022-03-25,HOME,POR,106,HOU,125,LOSS,43,85,0.506,3,20,0.15,17,23,0.739,13,25,38,28,6,3,17,21,43,83,0.518,19,45,0.422,20,23,0.87,9,28,37,27,12,3,14,22
366,2022,2022-03-25,AWAY,PHI,122,LAC,97,WIN,43,92,0.467,15,35,0.429,21,24,0.875,12,40,52,23,12,8,11,18,34,85,0.4,8,25,0.32,21,25,0.84,9,30,39,19,7,7,16,18
367,2022,2022-03-25,HOME,LAC,97,PHI,122,LOSS,34,85,0.4,8,25,0.32,21,25,0.84,9,30,39,19,7,7,16,18,43,92,0.467,15,35,0.429,21,24,0.875,12,40,52,23,12,8,11,18
368,2022,2022-03-26,AWAY,SAS,107,NOP,103,WIN,39,92,0.424,7,26,0.269,22,25,0.88,16,33,49,22,4,6,10,17,40,90,0.444,10,32,0.313,13,19,0.684,12,30,42,23,4,11,8,19
369,2022,2022-03-26,HOME,NOP,103,SAS,107,LOSS,40,90,0.444,10,32,0.313,13,19,0.684,12,30,42,23,4,11,8,19,39,92,0.424,7,26,0.269,22,25,0.88,16,33,49,22,4,6,10,17
370,2022,2022-03-26,AWAY,SAC,114,ORL,110,WIN,42,98,0.429,11,36,0.306,19,24,0.792,18,41,59,24,4,4,14,12,45,106,0.425,13,36,0.361,7,7,1.0,15,42,57,27,9,3,12,20
371,2022,2022-03-26,HOME,ORL,110,SAC,114,LOSS,45,106,0.425,13,36,0.361,7,7,1.0,15,42,57,27,9,3,12,20,42,98,0.429,11,36,0.306,19,24,0.792,18,41,59,24,4,4,14,12
372,2022,2022-03-26,AWAY,IND,91,TOR,131,LOSS,33,79,0.418,11,36,0.306,14,20,0.7,9,26,35,23,5,3,13,14,51,84,0.607,15,32,0.469,14,19,0.737,9,33,42,34,9,3,6,16
373,2022,2022-03-26,HOME,TOR,131,IND,91,WIN,51,84,0.607,15,32,0.469,14,19,0.737,9,33,42,34,9,3,6,16,33,79,0.418,11,36,0.306,14,20,0.7,9,26,35,23,5,3,13,14
374,2022,2022-03-26,AWAY,CHI,98,CLE,94,WIN,36,75,0.48,5,21,0.238,21,25,0.84,6,31,37,23,6,1,13,21,34,82,0.415,7,31,0.226,19,27,0.704,15,31,46,17,7,3,13,23
375,2022,2022-03-26,HOME,CLE,94,CHI,98,LOSS,34,82,0.415,7,31,0.226,19,27,0.704,15,31,46,17,7,3,13,23,36,75,0.48,5,21,0.238,21,25,0.84,6,31,37,23,6,1,13,21
376,2022,2022-03-26,AWAY,MIL,102,MEM,127,LOSS,37,93,0.398,7,32,0.219,21,26,0.808,14,32,46,19,4,7,13,21,49,102,0.48,13,37,0.351,16,23,0.696,16,38,54,30,10,9,8,19
377,2022,2022-03-26,HOME,MEM,127,MIL,102,WIN,49,102,0.48,13,37,0.351,16,23,0.696,16,38,54,30,10,9,8,19,37,93,0.398,7,32,0.219,21,26,0.808,14,32,46,19,4,7,13,21
378,2022,2022-03-26,AWAY,BRK,110,MIA,95,WIN,39,83,0.47,11,33,0.333,21,26,0.808,11,29,40,26,15,5,13,22,33,75,0.44,10,34,0.294,19,26,0.731,6,33,39,20,7,5,21,23
379,2022,2022-03-26,HOME,MIA,95,BRK,110,LOSS,33,75,0.44,10,34,0.294,19,26,0.731,6,33,39,20,7,5,21,23,39,83,0.47,11,33,0.333,21,26,0.808,11,29,40,26,15,5,13,22
380,2022,2022-03-26,AWAY,OKC,107,DEN,113,LOSS,39,84,0.464,14,36,0.389,15,16,0.938,5,31,36,29,8,5,16,19,41,85,0.482,8,31,0.258,23,24,0.958,10,37,47,33,11,5,15,19
381,2022,2022-03-26,HOME,DEN,113,OKC,107,WIN,41,85,0.482,8,31,0.258,23,24,0.958,10,37,47,33,11,5,15,19,39,84,0.464,14,36,0.389,15,16,0.938,5,31,36,29,8,5,16,19
382,2022,2022-03-26,AWAY,HOU,115,POR,98,WIN,44,84,0.524,15,35,0.429,12,18,0.667,8,30,38,34,12,8,20,14,37,93,0.398,12,40,0.3,12,17,0.706,21,30,51,21,14,4,21,19
383,2022,2022-03-26,HOME,POR,98,HOU,115,LOSS,37,93,0.398,12,40,0.3,12,17,0.706,21,30,51,21,14,4,21,19,44,84,0.524,15,35,0.429,12,18,0.667,8,30,38,34,12,8,20,14
384,2022,2022-03-27,AWAY,NYK,104,DET,102,WIN,34,85,0.4,13,41,0.317,23,29,0.793,13,38,51,19,8,8,12,16,39,85,0.459,8,29,0.276,16,18,0.889,9,28,37,23,8,5,10,21
385,2022,2022-03-27,HOME,DET,102,NYK,104,LOSS,39,85,0.459,8,29,0.276,16,18,0.889,9,28,37,23,8,5,10,21,34,85,0.4,13,41,0.317,23,29,0.793,13,38,51,19,8,8,12,16
386,2022,2022-03-27,AWAY,MIN,112,BOS,134,LOSS,45,84,0.536,14,32,0.438,8,12,0.667,4,26,30,26,7,3,14,21,49,87,0.563,17,39,0.436,19,21,0.905,10,35,45,27,7,5,13,20
387,2022,2022-03-27,HOME,BOS,134,MIN,112,WIN,49,87,0.563,17,39,0.436,19,21,0.905,10,35,45,27,7,5,13,20,45,84,0.536,14,32,0.438,8,12,0.667,4,26,30,26,7,3,14,21
388,2022,2022-03-27,AWAY,PHI,104,PHO,114,LOSS,37,89,0.416,10,36,0.278,20,26,0.769,12,33,45,22,6,4,10,19,45,87,0.517,13,27,0.481,11,17,0.647,5,35,40,24,5,5,12,21
389,2022,2022-03-27,HOME,PHO,114,PHI,104,WIN,45,87,0.517,13,27,0.481,11,17,0.647,5,35,40,24,5,5,12,21,37,89,0.416,10,36,0.278,20,26,0.769,12,33,45,22,6,4,10,19
390,2022,2022-03-27,AWAY,GSW,115,WAS,123,LOSS,38,89,0.427,8,33,0.242,31,39,0.795,13,33,46,20,8,2,10,24,44,84,0.524,16,28,0.571,19,22,0.864,5,37,42,33,5,8,12,24
391,2022,2022-03-27,HOME,WAS,123,GSW,115,WIN,44,84,0.524,16,28,0.571,19,22,0.864,5,37,42,33,5,8,12,24,38,89,0.427,8,33,0.242,31,39,0.795,13,33,46,20,8,2,10,24
392,2022,2022-03-27,AWAY,LAL,108,NOP,116,LOSS,42,80,0.525,14,35,0.4,10,16,0.625,7,32,39,26,5,2,15,20,44,91,0.484,9,27,0.333,19,24,0.792,12,29,41,25,10,1,7,13
393,2022,2022-03-27,HOME,NOP,116,LAL,108,WIN,44,91,0.484,9,27,0.333,19,24,0.792,12,29,41,25,10,1,7,13,42,80,0.525,14,35,0.4,10,16,0.625,7,32,39,26,5,2,15,20
394,2022,2022-03-27,AWAY,CHO,119,BRK,110,WIN,42,98,0.429,17,32,0.531,18,23,0.783,17,36,53,26,6,2,11,22,43,97,0.443,7,34,0.206,17,26,0.654,14,36,50,30,9,11,9,20
395,2022,2022-03-27,HOME,BRK,110,CHO,119,LOSS,43,97,0.443,7,34,0.206,17,26,0.654,14,36,50,30,9,11,9,20,42,98,0.429,17,32,0.531,18,23,0.783,17,36,53,26,6,2,11,22
396,2022,2022-03-27,AWAY,UTA,100,DAL,114,LOSS,41,89,0.461,12,34,0.353,6,10,0.6,7,29,36,23,5,1,6,20,40,77,0.519,17,34,0.5,17,24,0.708,10,35,45,21,3,2,8,13
397,2022,2022-03-27,HOME,DAL,114,UTA,100,WIN,40,77,0.519,17,34,0.5,17,24,0.708,10,35,45,21,3,2,8,13,41,89,0.461,12,34,0.353,6,10,0.6,7,29,36,23,5,1,6,20
398,2022,2022-03-28,AWAY,DEN,113,CHO,109,WIN,40,86,0.465,12,33,0.364,21,28,0.75,17,34,51,29,7,3,16,17,44,93,0.473,13,42,0.31,8,12,0.667,8,32,40,33,11,3,14,21
399,2022,2022-03-28,HOME,CHO,109,DEN,113,LOSS,44,93,0.473,13,42,0.31,8,12,0.667,8,32,40,33,11,3,14,21,40,86,0.465,12,33,0.364,21,28,0.75,17,34,51,29,7,3,16,17
400,2022,2022-03-28,AWAY,ORL,101,CLE,107,LOSS,42,87,0.483,10,37,0.27,7,13,0.538,8,37,45,31,6,1,17,24,37,83,0.446,13,41,0.317,20,23,0.87,6,35,41,26,11,4,13,13
401,2022,2022-03-28,HOME,CLE,107,ORL,101,WIN,37,83,0.446,13,41,0.317,20,23,0.87,6,35,41,26,11,4,13,13,42,87,0.483,10,37,0.27,7,13,0.538,8,37,45,31,6,1,17,24
402,2022,2022-03-28,AWAY,ATL,132,IND,123,WIN,47,86,0.547,17,35,0.486,21,26,0.808,13,27,40,32,11,4,13,19,45,87,0.517,17,36,0.472,16,18,0.889,8,20,28,32,7,6,14,22
403,2022,2022-03-28,HOME,IND,123,ATL,132,LOSS,45,87,0.517,17,36,0.472,16,18,0.889,8,20,28,32,7,6,14,22,47,86,0.547,17,35,0.486,21,26,0.808,13,27,40,32,11,4,13,19
404,2022,2022-03-28,AWAY,SAC,100,MIA,123,LOSS,37,81,0.457,12,35,0.343,14,18,0.778,5,27,32,21,6,2,14,12,49,90,0.544,19,40,0.475,6,6,1.0,10,38,48,30,7,1,15,20
405,2022,2022-03-28,HOME,MIA,123,SAC,100,WIN,49,90,0.544,19,40,0.475,6,6,1.0,10,38,48,30,7,1,15,20,37,81,0.457,12,35,0.343,14,18,0.778,5,27,32,21,6,2,14,12
406,2022,2022-03-28,AWAY,CHI,104,NYK,109,LOSS,34,79,0.43,6,23,0.261,30,33,0.909,6,41,47,16,6,3,12,24,38,89,0.427,12,35,0.343,21,35,0.6,13,33,46,19,4,4,6,22
407,2022,2022-03-28,HOME,NYK,109,CHI,104,WIN,38,89,0.427,12,35,0.343,21,35,0.6,13,33,46,19,4,4,6,22,34,79,0.43,6,23,0.261,30,33,0.909,6,41,47,16,6,3,12,24
408,2022,2022-03-28,AWAY,BOS,112,TOR,115,LOSS,39,95,0.411,12,40,0.3,22,28,0.786,16,41,57,23,5,7,16,15,46,106,0.434,10,39,0.256,13,18,0.722,16,36,52,16,10,11,10,28
409,2022,2022-03-28,HOME,TOR,115,BOS,112,WIN,46,106,0.434,10,39,0.256,13,18,0.722,16,36,52,16,10,11,10,28,39,95,0.411,12,40,0.3,22,28,0.786,16,41,57,23,5,7,16,15
410,2022,2022-03-28,AWAY,SAS,123,HOU,120,WIN,47,100,0.47,7,29,0.241,22,28,0.786,17,39,56,28,11,5,12,20,38,92,0.413,20,49,0.408,24,28,0.857,10,34,44,26,5,9,12,24
411,2022,2022-03-28,HOME,HOU,120,SAS,123,LOSS,38,92,0.413,20,49,0.408,24,28,0.857,10,34,44,26,5,9,12,24,47,100,0.47,7,29,0.241,22,28,0.786,17,39,56,28,11,5,12,20
412,2022,2022-03-28,AWAY,GSW,95,MEM,123,LOSS,33,81,0.407,9,29,0.31,20,26,0.769,7,33,40,18,6,7,15,27,43,92,0.467,12,30,0.4,25,35,0.714,13,39,52,26,11,3,13,21
413,2022,2022-03-28,HOME,MEM,123,GSW,95,WIN,43,92,0.467,12,30,0.4,25,35,0.714,13,39,52,26,11,3,13,21,33,81,0.407,9,29,0.31,20,26,0.769,7,33,40,18,6,7,15,27
414,2022,2022-03-28,AWAY,OKC,134,POR,131,WIN,48,90,0.533,20,45,0.444,18,25,0.72,11,38,49,32,7,3,20,15,51,112,0.455,20,50,0.4,9,13,0.692,19,28,47,28,17,5,11,23
415,2022,2022-03-28,HOME,POR,131,OKC,134,LOSS,51,112,0.455,20,50,0.4,9,13,0.692,19,28,47,28,17,5,11,23,48,90,0.533,20,45,0.444,18,25,0.72,11,38,49,32,7,3,20,15
416,2022,2022-03-29,AWAY,MIL,118,PHI,116,WIN,44,88,0.5,14,38,0.368,16,23,0.696,9,39,48,26,5,4,10,17,43,89,0.483,16,41,0.39,14,18,0.778,5,35,40,28,7,3,8,19
417,2022,2022-03-29,HOME,PHI,116,MIL,118,LOSS,43,89,0.483,16,41,0.39,14,18,0.778,5,35,40,28,7,3,8,19,44,88,0.5,14,38,0.368,16,23,0.696,9,39,48,26,5,4,10,17
418,2022,2022-03-29,AWAY,CHI,107,WAS,94,WIN,43,85,0.506,6,18,0.333,15,18,0.833,6,30,36,26,9,1,8,14,38,79,0.481,6,26,0.231,12,17,0.706,7,30,37,25,6,7,14,17
419,2022,2022-03-29,HOME,WAS,94,CHI,107,LOSS,38,79,0.481,6,26,0.231,12,17,0.706,7,30,37,25,6,7,14,17,43,85,0.506,6,18,0.333,15,18,0.833,6,30,36,26,9,1,8,14
420,2022,2022-03-29,AWAY,DET,123,BRK,130,LOSS,48,99,0.485,16,38,0.421,11,13,0.846,16,23,39,28,11,4,12,25,42,76,0.553,15,28,0.536,31,34,0.912,8,33,41,24,9,6,19,19
421,2022,2022-03-29,HOME,BRK,130,DET,123,WIN,42,76,0.553,15,28,0.536,31,34,0.912,8,33,41,24,9,6,19,19,48,99,0.485,16,38,0.421,11,13,0.846,16,23,39,28,11,4,12,25
422,2022,2022-03-29,AWAY,LAL,110,DAL,128,LOSS,40,89,0.449,12,44,0.273,18,22,0.818,14,34,48,20,7,2,9,22,45,87,0.517,20,46,0.435,18,23,0.783,11,35,46,27,5,1,7,14
423,2022,2022-03-29,HOME,DAL,128,LAL,110,WIN,45,87,0.517,20,46,0.435,18,23,0.783,11,35,46,27,5,1,7,14,40,89,0.449,12,44,0.273,18,22,0.818,14,34,48,20,7,2,9,22
424,2022,2022-03-29,AWAY,UTA,115,LAC,121,LOSS,43,78,0.551,12,31,0.387,17,29,0.586,10,28,38,23,5,5,14,24,41,83,0.494,15,36,0.417,24,28,0.857,10,23,33,21,8,4,8,23
425,2022,2022-03-29,HOME,LAC,121,UTA,115,WIN,41,83,0.494,15,36,0.417,24,28,0.857,10,23,33,21,8,4,8,23,43,78,0.551,12,31,0.387,17,29,0.586,10,28,38,23,5,5,14,24
426,2022,2022-03-30,AWAY,DAL,120,CLE,112,WIN,46,88,0.523,16,42,0.381,12,15,0.8,9,29,38,28,6,6,11,17,42,83,0.506,11,25,0.44,17,22,0.773,9,30,39,24,7,3,13,15
427,2022,2022-03-30,HOME,CLE,112,DAL,120,LOSS,42,83,0.506,11,25,0.44,17,22,0.773,9,30,39,24,7,3,13,15,46,88,0.523,16,42,0.381,12,15,0.8,9,29,38,28,6,6,11,17
428,2022,2022-03-30,AWAY,DEN,125,IND,118,WIN,50,80,0.625,12,28,0.429,13,14,0.929,8,35,43,33,6,4,19,20,44,97,0.454,12,40,0.3,18,23,0.783,18,19,37,29,11,4,8,21
429,2022,2022-03-30,HOME,IND,118,DEN,125,LOSS,44,97,0.454,12,40,0.3,18,23,0.783,18,19,37,29,11,4,8,21,50,80,0.625,12,28,0.429,13,14,0.929,8,35,43,33,6,4,19,20
430,2022,2022-03-30,AWAY,ORL,110,WAS,127,LOSS,40,96,0.417,11,34,0.324,19,22,0.864,11,31,42,21,8,5,11,23,47,92,0.511,13,36,0.361,20,26,0.769,12,39,51,35,5,8,11,15
431,2022,2022-03-30,HOME,WAS,127,ORL,110,WIN,47,92,0.511,13,36,0.361,20,26,0.769,12,39,51,35,5,8,11,15,40,96,0.417,11,34,0.324,19,22,0.864,11,31,42,21,8,5,11,23
432,2022,2022-03-30,AWAY,MIA,106,BOS,98,WIN,38,79,0.481,13,34,0.382,17,25,0.68,4,38,42,27,9,6,15,23,35,85,0.412,11,37,0.297,17,23,0.739,8,36,44,27,9,1,17,22
433,2022,2022-03-30,HOME,BOS,98,MIA,106,LOSS,35,85,0.412,11,37,0.297,17,23,0.739,8,36,44,27,9,1,17,22,38,79,0.481,13,34,0.382,17,25,0.68,4,38,42,27,9,6,15,23
434,2022,2022-03-30,AWAY,CHO,125,NYK,114,WIN,49,90,0.544,12,35,0.343,15,17,0.882,8,32,40,39,7,3,11,21,40,85,0.471,16,44,0.364,18,26,0.692,11,32,43,23,5,5,12,19
435,2022,2022-03-30,HOME,NYK,114,CHO,125,LOSS,40,85,0.471,16,44,0.364,18,26,0.692,11,32,43,23,5,5,12,19,49,90,0.544,12,35,0.343,15,17,0.882,8,32,40,39,7,3,11,21
436,2022,2022-03-30,AWAY,MIN,102,TOR,125,LOSS,37,92,0.402,11,37,0.297,17,23,0.739,17,31,48,26,11,9,21,19,48,96,0.5,18,36,0.5,11,15,0.733,11,36,47,32,9,4,17,23
437,2022,2022-03-30,HOME,TOR,125,MIN,102,WIN,48,96,0.5,18,36,0.5,11,15,0.733,11,36,47,32,9,4,17,23,37,92,0.402,11,37,0.297,17,23,0.739,17,31,48,26,11,9,21,19
438,2022,2022-03-30,AWAY,SAC,121,HOU,118,WIN,44,95,0.463,7,26,0.269,26,36,0.722,13,31,44,21,7,10,9,21,43,94,0.457,13,42,0.31,19,25,0.76,12,39,51,23,7,4,17,34
439,2022,2022-03-30,HOME,HOU,118,SAC,121,LOSS,43,94,0.457,13,42,0.31,19,25,0.76,12,39,51,23,7,4,17,34,44,95,0.463,7,26,0.269,26,36,0.722,13,31,44,21,7,10,9,21
440,2022,2022-03-30,AWAY,ATL,136,OKC,118,WIN,49,91,0.538,18,39,0.462,20,22,0.909,6,37,43,28,10,4,12,19,41,87,0.471,17,41,0.415,19,27,0.704,10,32,42,31,5,2,18,17
441,2022,2022-03-30,HOME,OKC,118,ATL,136,LOSS,41,87,0.471,17,41,0.415,19,27,0.704,10,32,42,31,5,2,18,17,49,91,0.538,18,39,0.462,20,22,0.909,6,37,43,28,10,4,12,19
442,2022,2022-03-30,AWAY,MEM,112,SAS,111,WIN,44,91,0.484,16,39,0.41,8,11,0.727,12,28,40,26,8,5,12,15,42,83,0.506,14,35,0.4,13,16,0.813,7,30,37,26,8,1,14,13
443,2022,2022-03-30,HOME,SAS,111,MEM,112,LOSS,42,83,0.506,14,35,0.4,13,16,0.813,7,30,37,26,8,1,14,13,44,91,0.484,16,39,0.41,8,11,0.727,12,28,40,26,8,5,12,15
444,2022,2022-03-30,AWAY,PHO,107,GSW,103,WIN,38,92,0.413,7,28,0.25,24,30,0.8,12,34,46,20,9,1,14,19,35,83,0.422,13,38,0.342,20,25,0.8,10,38,48,26,7,4,21,24
445,2022,2022-03-30,HOME,GSW,103,PHO,107,LOSS,35,83,0.422,13,38,0.342,20,25,0.8,10,38,48,26,7,4,21,24,38,92,0.413,7,28,0.25,24,30,0.8,12,34,46,20,9,1,14,19
446,2022,2022-03-30,AWAY,NOP,117,POR,107,WIN,40,78,0.513,6,24,0.25,31,39,0.795,12,28,40,26,16,6,14,16,39,85,0.459,14,42,0.333,15,18,0.833,13,28,41,30,7,4,20,27
447,2022,2022-03-30,HOME,POR,107,NOP,117,LOSS,39,85,0.459,14,42,0.333,15,18,0.833,13,28,41,30,7,4,20,27,40,78,0.513,6,24,0.25,31,39,0.795,12,28,40,26,16,6,14,16
448,2022,2022-03-31,AWAY,PHI,94,DET,102,LOSS,31,69,0.449,7,26,0.269,25,28,0.893,4,35,39,22,8,9,15,17,41,82,0.5,10,35,0.286,10,15,0.667,5,33,38,26,11,4,9,21
449,2022,2022-03-31,HOME,DET,102,PHI,94,WIN,41,82,0.5,10,35,0.286,10,15,0.667,5,33,38,26,11,4,9,21,31,69,0.449,7,26,0.269,25,28,0.893,4,35,39,22,8,9,15,17
450,2022,2022-03-31,AWAY,CLE,107,ATL,131,LOSS,39,90,0.433,7,30,0.233,22,28,0.786,15,32,47,19,6,5,14,20,45,91,0.495,17,39,0.436,24,28,0.857,12,36,48,27,7,4,8,22
451,2022,2022-03-31,HOME,ATL,131,CLE,107,WIN,45,91,0.495,17,39,0.436,24,28,0.857,12,36,48,27,7,4,8,22,39,90,0.433,7,30,0.233,22,28,0.786,15,32,47,19,6,5,14,20
452,2022,2022-03-31,AWAY,MIL,120,BRK,119,WIN,40,89,0.449,12,41,0.293,28,34,0.824,11,46,57,17,12,3,22,14,45,97,0.464,18,37,0.486,11,16,0.688,5,36,41,31,12,7,16,25
453,2022,2022-03-31,HOME,BRK,119,MIL,120,LOSS,45,97,0.464,18,37,0.486,11,16,0.688,5,36,41,31,12,7,16,25,40,89,0.449,12,41,0.293,28,34,0.824,11,46,57,17,12,3,22,14
454,2022,2022-03-31,AWAY,LAC,130,CHI,135,LOSS,45,90,0.5,16,36,0.444,24,26,0.923,4,36,40,26,7,5,12,24,50,102,0.49,10,29,0.345,25,32,0.781,13,37,50,24,6,3,8,17
455,2022,2022-03-31,HOME,CHI,135,LAC,130,WIN,50,102,0.49,10,29,0.345,25,32,0.781,13,37,50,24,6,3,8,17,45,90,0.5,16,36,0.444,24,26,0.923,4,36,40,26,7,5,12,24
456,2022,2022-03-31,AWAY,LAL,109,UTA,122,LOSS,41,83,0.494,7,25,0.28,20,28,0.714,9,31,40,18,5,3,11,21,46,90,0.511,15,44,0.341,15,24,0.625,9,32,41,25,7,2,8,20
457,2022,2022-03-31,HOME,UTA,122,LAL,109,WIN,46,90,0.511,15,44,0.341,15,24,0.625,9,32,41,25,7,2,8,20,41,83,0.494,7,25,0.28,20,28,0.714,9,31,40,18,5,3,11,21
